"","acf","lag","interval"
"2",0.0604704081871092,-53,"60"
"3",0.115625667904335,-52,"60"
"4",0.166496071121116,-51,"60"
"5",0.21818623931384,-50,"60"
"6",0.265350299168591,-49,"60"
"7",0.306997781113869,-48,"60"
"8",0.343255251488955,-47,"60"
"9",0.376276518753556,-46,"60"
"10",0.407089919877581,-45,"60"
"11",0.430657766542761,-44,"60"
"12",0.44820363780185,-43,"60"
"13",0.460876486351955,-42,"60"
"14",0.469797318683706,-41,"60"
"15",0.473982059718814,-40,"60"
"16",0.474585601211926,-39,"60"
"17",0.470747882996973,-38,"60"
"18",0.456560635206819,-37,"60"
"19",0.43050958047598,-36,"60"
"20",0.401378006164942,-35,"60"
"21",0.370378521759527,-34,"60"
"22",0.337676259063163,-33,"60"
"23",0.302415531597227,-32,"60"
"24",0.264937679114742,-31,"60"
"25",0.229542844943707,-30,"60"
"26",0.197308957691776,-29,"60"
"27",0.163295513726296,-28,"60"
"28",0.126851642612804,-27,"60"
"29",0.0884963350798602,-26,"60"
"30",0.0477106303052319,-25,"60"
"31",-0.0101591976712918,-24,"60"
"32",-0.0747336050494101,-23,"60"
"33",-0.145181154126629,-22,"60"
"34",-0.212724584518251,-21,"60"
"35",-0.277108561841541,-20,"60"
"36",-0.338112616544155,-19,"60"
"37",-0.394537624866131,-18,"60"
"38",-0.431156938618321,-17,"60"
"39",-0.466059789188673,-16,"60"
"40",-0.500198314017778,-15,"60"
"41",-0.531415934078868,-14,"60"
"42",-0.559729909357377,-13,"60"
"43",-0.585208813543343,-12,"60"
"44",-0.607887356346325,-11,"60"
"45",-0.628864934872895,-10,"60"
"46",-0.650304585971268,-9,"60"
"47",-0.671211683997791,-8,"60"
"48",-0.700807188812922,-7,"60"
"49",-0.726606628377701,-6,"60"
"50",-0.748970518007585,-5,"60"
"51",-0.769177641622261,-4,"60"
"52",-0.786480198229807,-3,"60"
"53",-0.8021368378603,-2,"60"
"54",-0.815333562675146,-1,"60"
"55",-0.816182361402336,0,"60"
"56",-0.738075094624936,1,"60"
"57",-0.66117119356642,2,"60"
"58",-0.585649163739577,3,"60"
"59",-0.510692798219151,4,"60"
"60",-0.437683970061535,5,"60"
"61",-0.367103957070355,6,"60"
"62",-0.299183447466906,7,"60"
"63",-0.233623287619415,8,"60"
"64",-0.170313359317399,9,"60"
"65",-0.110369245538731,10,"60"
"66",-0.053720746108547,11,"60"
"67",-0.000288125941636673,12,"60"
"68",0.0500181877678878,13,"60"
"69",0.0968667080418797,14,"60"
"70",0.140363825927257,15,"60"
"71",0.180263244050001,16,"60"
"72",0.215166424931661,17,"60"
"73",0.244488455072203,18,"60"
"74",0.26989528362915,19,"60"
"75",0.29152286711152,20,"60"
"76",0.30936879574988,21,"60"
"77",0.323253611028723,22,"60"
"78",0.333393026520398,23,"60"
"79",0.340826072242995,24,"60"
"80",0.346065622326722,25,"60"
"81",0.348438309901741,26,"60"
"82",0.348074103187998,27,"60"
"83",0.345414475384634,28,"60"
"84",0.340644682277745,29,"60"
"85",0.330782725280378,30,"60"
"86",0.317933501684668,31,"60"
"87",0.302352362165985,32,"60"
"88",0.285915063147267,33,"60"
"89",0.268842699459339,34,"60"
"90",0.251353444628594,35,"60"
"91",0.233885707728628,36,"60"
"92",0.219936101970737,37,"60"
"93",0.205960536321508,38,"60"
"94",0.191883281555516,39,"60"
"95",0.178279790159935,40,"60"
"96",0.165266757854317,41,"60"
"97",0.152879176174194,42,"60"
"98",0.141191581087424,43,"60"
"99",0.130004034388685,44,"60"
"100",0.118812959528224,45,"60"
"101",0.10772895139546,46,"60"
"102",0.0945937837870277,47,"60"
"103",0.0817790662046757,48,"60"
"104",0.069023134192089,49,"60"
"105",0.055925894241897,50,"60"
"106",0.0424576856137725,51,"60"
"107",0.0282562831808236,52,"60"
"108",0.0133956659901664,53,"60"
"109",0.049148016816541,-73,"80"
"110",0.096625407477516,-72,"80"
"111",0.140903035054431,-71,"80"
"112",0.181285909374278,-70,"80"
"113",0.217800247910146,-69,"80"
"114",0.250496351471488,-68,"80"
"115",0.280169901463033,-67,"80"
"116",0.306872109573423,-66,"80"
"117",0.329223314353535,-65,"80"
"118",0.34738902417756,-64,"80"
"119",0.36289729022954,-63,"80"
"120",0.375759451471491,-62,"80"
"121",0.386714945086051,-61,"80"
"122",0.395743062461837,-60,"80"
"123",0.402150643215924,-59,"80"
"124",0.405328677771964,-58,"80"
"125",0.402540826553074,-57,"80"
"126",0.397609244960624,-56,"80"
"127",0.39065289634069,-55,"80"
"128",0.381762292454104,-54,"80"
"129",0.370332717182399,-53,"80"
"130",0.356497629691003,-52,"80"
"131",0.341201032438938,-51,"80"
"132",0.328140643573098,-50,"80"
"133",0.313736974205262,-49,"80"
"134",0.297516181400219,-48,"80"
"135",0.279741000562596,-47,"80"
"136",0.262161661634431,-46,"80"
"137",0.245723278572896,-45,"80"
"138",0.227049994997279,-44,"80"
"139",0.207121349212546,-43,"80"
"140",0.186932508991194,-42,"80"
"141",0.167339306726356,-41,"80"
"142",0.147741728059505,-40,"80"
"143",0.128991716911815,-39,"80"
"144",0.110479081312382,-38,"80"
"145",0.0879893704495863,-37,"80"
"146",0.0603413854126873,-36,"80"
"147",0.0335813713320744,-35,"80"
"148",0.00848473151397944,-34,"80"
"149",-0.0149433848991254,-33,"80"
"150",-0.0374558326545149,-32,"80"
"151",-0.0590438229986549,-31,"80"
"152",-0.0768643445287646,-30,"80"
"153",-0.0903965932387894,-29,"80"
"154",-0.103452048688295,-28,"80"
"155",-0.116827986366562,-27,"80"
"156",-0.13060832820581,-26,"80"
"157",-0.145618952569702,-25,"80"
"158",-0.172564559589379,-24,"80"
"159",-0.204553539502869,-23,"80"
"160",-0.241350945344916,-22,"80"
"161",-0.277011116496283,-21,"80"
"162",-0.311544501643171,-20,"80"
"163",-0.345040541288707,-19,"80"
"164",-0.376802662744174,-18,"80"
"165",-0.396222455827976,-17,"80"
"166",-0.416044775558537,-16,"80"
"167",-0.437048232344398,-15,"80"
"168",-0.457819311054481,-14,"80"
"169",-0.478468549480232,-13,"80"
"170",-0.499089913472597,-12,"80"
"171",-0.519820850951657,-11,"80"
"172",-0.541511358580344,-10,"80"
"173",-0.565741066115832,-9,"80"
"174",-0.591822155685087,-8,"80"
"175",-0.626161486979687,-7,"80"
"176",-0.659912499194869,-6,"80"
"177",-0.693172686840639,-5,"80"
"178",-0.726733123063517,-4,"80"
"179",-0.759911237235084,-3,"80"
"180",-0.793404324069744,-2,"80"
"181",-0.8264855365248,-1,"80"
"182",-0.852044013659348,0,"80"
"183",-0.787125203460552,1,"80"
"184",-0.722410719348494,2,"80"
"185",-0.658995714158427,3,"80"
"186",-0.597512841840185,4,"80"
"187",-0.538181081562883,5,"80"
"188",-0.481185626070359,6,"80"
"189",-0.426237375315252,7,"80"
"190",-0.373416713885659,8,"80"
"191",-0.323684157245916,9,"80"
"192",-0.277074300542873,10,"80"
"193",-0.232826502568962,11,"80"
"194",-0.191025456714271,12,"80"
"195",-0.151308680773759,13,"80"
"196",-0.113733213611488,14,"80"
"197",-0.0787811097750331,15,"80"
"198",-0.0468835641558253,16,"80"
"199",-0.019841024968167,17,"80"
"200",0.00442146922960998,18,"80"
"201",0.0259189369579438,19,"80"
"202",0.0446457339138886,20,"80"
"203",0.0602163357111757,21,"80"
"204",0.0726860099571259,22,"80"
"205",0.0826976601838526,23,"80"
"206",0.0926230279808215,24,"80"
"207",0.100611033873889,25,"80"
"208",0.106585280931655,26,"80"
"209",0.110847333588056,27,"80"
"210",0.114662659504434,28,"80"
"211",0.118865229021907,29,"80"
"212",0.121652466671576,30,"80"
"213",0.123637948510205,31,"80"
"214",0.125541963997285,32,"80"
"215",0.127966702168747,33,"80"
"216",0.130695559279342,34,"80"
"217",0.134363099497714,35,"80"
"218",0.138756500528788,36,"80"
"219",0.141346732057711,37,"80"
"220",0.141234915752689,38,"80"
"221",0.141925722484566,39,"80"
"222",0.144020451019312,40,"80"
"223",0.147673441924423,41,"80"
"224",0.152517518643053,42,"80"
"225",0.158621860689565,43,"80"
"226",0.167782758273739,44,"80"
"227",0.18049376366811,45,"80"
"228",0.194586373698856,46,"80"
"229",0.209490756659687,47,"80"
"230",0.224988837538112,48,"80"
"231",0.240384814023178,49,"80"
"232",0.248838317500863,50,"80"
"233",0.253710141728362,51,"80"
"234",0.254699504057982,52,"80"
"235",0.255048994925012,53,"80"
"236",0.254691996902585,54,"80"
"237",0.253495992734362,55,"80"
"238",0.251865723925448,56,"80"
"239",0.256369687663144,57,"80"
"240",0.25976625947624,58,"80"
"241",0.261460963224735,59,"80"
"242",0.262160992741115,60,"80"
"243",0.261704072711333,61,"80"
"244",0.259917884867225,62,"80"
"245",0.256569666969777,63,"80"
"246",0.250981506730315,64,"80"
"247",0.241987840605296,65,"80"
"248",0.229757465850081,66,"80"
"249",0.210145322866677,67,"80"
"250",0.18804917629843,68,"80"
"251",0.163358415648267,69,"80"
"252",0.135549326525323,70,"80"
"253",0.104968025920974,71,"80"
"254",0.0712261370629066,72,"80"
"255",0.0347533961216814,73,"80"
"256",0.0151838052836289,-93,"100"
"257",0.0301389999212248,-92,"100"
"258",0.0441889925544632,-91,"100"
"259",0.0576662708343799,-90,"100"
"260",0.0705609430591298,-89,"100"
"261",0.0828681202051578,-88,"100"
"262",0.0942657827785899,-87,"100"
"263",0.105093330702933,-86,"100"
"264",0.11470419414516,-85,"100"
"265",0.124433874815845,-84,"100"
"266",0.134258229767498,-83,"100"
"267",0.143822324351109,-82,"100"
"268",0.152787033370037,-81,"100"
"269",0.161795416661385,-80,"100"
"270",0.169204948958784,-79,"100"
"271",0.176688554611228,-78,"100"
"272",0.184234485183963,-77,"100"
"273",0.191504543407351,-76,"100"
"274",0.198506270782485,-75,"100"
"275",0.205241086944693,-74,"100"
"276",0.211712839629219,-73,"100"
"277",0.217923631909225,-72,"100"
"278",0.223250160170779,-71,"100"
"279",0.227402051367728,-70,"100"
"280",0.230435401256333,-69,"100"
"281",0.232428706917423,-68,"100"
"282",0.23378034445405,-67,"100"
"283",0.234568320526424,-66,"100"
"284",0.234215906386041,-65,"100"
"285",0.232818150082012,-64,"100"
"286",0.231099641347149,-63,"100"
"287",0.229125990540088,-62,"100"
"288",0.227262244778529,-61,"100"
"289",0.225540567619933,-60,"100"
"290",0.223669003529981,-59,"100"
"291",0.22136889651755,-58,"100"
"292",0.217384330140037,-57,"100"
"293",0.213421000667174,-56,"100"
"294",0.209512176019383,-55,"100"
"295",0.205685801649035,-54,"100"
"296",0.20164380912026,-53,"100"
"297",0.197412205330761,-52,"100"
"298",0.193346745984117,-51,"100"
"299",0.191085258989795,-50,"100"
"300",0.188952577940372,-49,"100"
"301",0.186620713547783,-48,"100"
"302",0.184097682712804,-47,"100"
"303",0.182028235384145,-46,"100"
"304",0.180696870125447,-45,"100"
"305",0.178442423643898,-44,"100"
"306",0.175592742127777,-43,"100"
"307",0.172478706433197,-42,"100"
"308",0.169418725793845,-41,"100"
"309",0.166070395741578,-40,"100"
"310",0.162735183796586,-39,"100"
"311",0.159073874960315,-38,"100"
"312",0.153124422842985,-37,"100"
"313",0.144292175509702,-36,"100"
"314",0.135251561805329,-35,"100"
"315",0.126311932378211,-34,"100"
"316",0.117439694674987,-33,"100"
"317",0.108277323786639,-32,"100"
"318",0.0987911674393179,-31,"100"
"319",0.0902429314432125,-30,"100"
"320",0.0828692888602327,-29,"100"
"321",0.0749555854213576,-28,"100"
"322",0.0661625873188283,-27,"100"
"323",0.0564829003798779,-26,"100"
"324",0.045593903229287,-25,"100"
"325",0.0286467082569943,-24,"100"
"326",0.00876271731664701,-23,"100"
"327",-0.0139391909676944,-22,"100"
"328",-0.0367505070440498,-21,"100"
"329",-0.0596488941102996,-20,"100"
"330",-0.082641484108357,-19,"100"
"331",-0.105418912715638,-18,"100"
"332",-0.12316071807979,-17,"100"
"333",-0.141605263135359,-16,"100"
"334",-0.161145366557783,-15,"100"
"335",-0.18119755501706,-14,"100"
"336",-0.201874451949967,-13,"100"
"337",-0.223269523741421,-12,"100"
"338",-0.245485454090855,-11,"100"
"339",-0.268988075753977,-10,"100"
"340",-0.294580533115955,-9,"100"
"341",-0.32205763814436,-8,"100"
"342",-0.354627708898112,-7,"100"
"343",-0.388474647350959,-6,"100"
"344",-0.423820725251137,-5,"100"
"345",-0.461271069313804,-4,"100"
"346",-0.501247139254116,-3,"100"
"347",-0.545373698559674,-2,"100"
"348",-0.600746216152354,-1,"100"
"349",-0.652492575767689,0,"100"
"350",-0.632548943618024,1,"100"
"351",-0.61225191301367,2,"100"
"352",-0.593386146692376,3,"100"
"353",-0.575162896794606,4,"100"
"354",-0.557490123531161,5,"100"
"355",-0.540683361431592,6,"100"
"356",-0.525404429694753,7,"100"
"357",-0.511738357565948,8,"100"
"358",-0.501250380315277,9,"100"
"359",-0.490235194100499,10,"100"
"360",-0.478485479199213,11,"100"
"361",-0.467143572783173,12,"100"
"362",-0.456175871468616,13,"100"
"363",-0.445042943853744,14,"100"
"364",-0.437803824051463,15,"100"
"365",-0.429876069580833,16,"100"
"366",-0.421146280030205,17,"100"
"367",-0.412334685088556,18,"100"
"368",-0.40327008438372,19,"100"
"369",-0.39372368780429,20,"100"
"370",-0.383093776436628,21,"100"
"371",-0.371119357307382,22,"100"
"372",-0.359442174612418,23,"100"
"373",-0.348913495768659,24,"100"
"374",-0.339646269139257,25,"100"
"375",-0.331407753080205,26,"100"
"376",-0.32284567845415,27,"100"
"377",-0.313981630940097,28,"100"
"378",-0.306854784452692,29,"100"
"379",-0.301347132294335,30,"100"
"380",-0.29583364964491,31,"100"
"381",-0.290050444493035,32,"100"
"382",-0.282725331924245,33,"100"
"383",-0.27347906543203,34,"100"
"384",-0.262533376108685,35,"100"
"385",-0.251915147343518,36,"100"
"386",-0.244930158122433,37,"100"
"387",-0.237260017556348,38,"100"
"388",-0.228653447248198,39,"100"
"389",-0.219188682926958,40,"100"
"390",-0.210010421146747,41,"100"
"391",-0.201816006975366,42,"100"
"392",-0.192373333574468,43,"100"
"393",-0.177216777691929,44,"100"
"394",-0.160660208045232,45,"100"
"395",-0.143919992404079,46,"100"
"396",-0.126924087235719,47,"100"
"397",-0.106936141013702,48,"100"
"398",-0.0835203807722443,49,"100"
"399",-0.0611789874326472,50,"100"
"400",-0.0392748777166664,51,"100"
"401",-0.0167142075556442,52,"100"
"402",0.00728342977099757,53,"100"
"403",0.032397695927184,54,"100"
"404",0.0606023091195982,55,"100"
"405",0.0908011393031319,56,"100"
"406",0.115853126657877,57,"100"
"407",0.133881441628618,58,"100"
"408",0.151726040917813,59,"100"
"409",0.170445615892856,60,"100"
"410",0.189891735337737,61,"100"
"411",0.208541012181506,62,"100"
"412",0.226667690070165,63,"100"
"413",0.24901031875308,64,"100"
"414",0.276667626801843,65,"100"
"415",0.305615109982567,66,"100"
"416",0.335624945114675,67,"100"
"417",0.369134570640907,68,"100"
"418",0.40236512559212,69,"100"
"419",0.421823327645056,70,"100"
"420",0.433020788877388,71,"100"
"421",0.435908052631106,72,"100"
"422",0.437001801404403,73,"100"
"423",0.435768511714394,74,"100"
"424",0.429974119270172,75,"100"
"425",0.424693368670666,76,"100"
"426",0.432605483283803,77,"100"
"427",0.438808958586035,78,"100"
"428",0.442362625485104,79,"100"
"429",0.444806007845638,80,"100"
"430",0.445989172226906,81,"100"
"431",0.445982399386882,82,"100"
"432",0.444928897689933,83,"100"
"433",0.441451057198645,84,"100"
"434",0.434636690903881,85,"100"
"435",0.421927815679815,86,"100"
"436",0.395047532811061,87,"100"
"437",0.363811268785906,88,"100"
"438",0.32745380376613,89,"100"
"439",0.284536134307686,90,"100"
"440",0.233775298295401,91,"100"
"441",0.170041174771195,92,"100"
"442",0.0812217378594424,93,"100"
"443",0.0145316341300549,-113,"120"
"444",0.028595315686919,-112,"120"
"445",0.0421777530085522,-111,"120"
"446",0.0544196868113692,-110,"120"
"447",0.0664818022447356,-109,"120"
"448",0.07749540007513,-108,"120"
"449",0.0874808029314781,-107,"120"
"450",0.0958889632883309,-106,"120"
"451",0.103615440159009,-105,"120"
"452",0.11039687581591,-104,"120"
"453",0.116822007159949,-103,"120"
"454",0.122316171434658,-102,"120"
"455",0.127466484772473,-101,"120"
"456",0.132554809945493,-100,"120"
"457",0.137575712375491,-99,"120"
"458",0.142247533508007,-98,"120"
"459",0.146578628735824,-97,"120"
"460",0.150577893679936,-96,"120"
"461",0.15426045391838,-95,"120"
"462",0.157636963811878,-94,"120"
"463",0.16072089412832,-93,"120"
"464",0.163808840631296,-92,"120"
"465",0.166351827987588,-91,"120"
"466",0.168662227108859,-90,"120"
"467",0.170764613884585,-89,"120"
"468",0.172698798325968,-88,"120"
"469",0.174216806998388,-87,"120"
"470",0.175661913477549,-86,"120"
"471",0.17650734323303,-85,"120"
"472",0.177955954046826,-84,"120"
"473",0.180015140912217,-83,"120"
"474",0.182415174807067,-82,"120"
"475",0.184873277904727,-81,"120"
"476",0.18797463116064,-80,"120"
"477",0.190285347176554,-79,"120"
"478",0.193273738483129,-78,"120"
"479",0.196922600151047,-77,"120"
"480",0.200923003492364,-76,"120"
"481",0.205266827760441,-75,"120"
"482",0.209947432923223,-74,"120"
"483",0.214953106136891,-73,"120"
"484",0.220265247986042,-72,"120"
"485",0.22529944634206,-71,"120"
"486",0.229773731954316,-70,"120"
"487",0.233694904758872,-69,"120"
"488",0.237067557298887,-68,"120"
"489",0.240179373760571,-67,"120"
"490",0.243017114502454,-66,"120"
"491",0.244988320830937,-65,"120"
"492",0.246102790071468,-64,"120"
"493",0.246931554536694,-63,"120"
"494",0.247473109714189,-62,"120"
"495",0.248011085926483,-61,"120"
"496",0.248539973535404,-60,"120"
"497",0.248757181813469,-59,"120"
"498",0.248389564366167,-58,"120"
"499",0.246308071592997,-57,"120"
"500",0.2439911561843,-56,"120"
"501",0.24144347789483,-55,"120"
"502",0.238668513133635,-54,"120"
"503",0.235380130482746,-53,"120"
"504",0.231587191074146,-52,"120"
"505",0.227572830147623,-51,"120"
"506",0.224756239818613,-50,"120"
"507",0.221651462162626,-49,"120"
"508",0.217965169972482,-48,"120"
"509",0.213714416705444,-47,"120"
"510",0.209480847024749,-46,"120"
"511",0.205542201468842,-45,"120"
"512",0.200457595137303,-44,"120"
"513",0.194540538143636,-43,"120"
"514",0.188114319986123,-42,"120"
"515",0.181484328523308,-41,"120"
"516",0.174374661351697,-40,"120"
"517",0.167065662459427,-39,"120"
"518",0.159255421542337,-38,"120"
"519",0.149201959663068,-37,"120"
"520",0.136364988823436,-36,"120"
"521",0.123043731069252,-35,"120"
"522",0.109458102741274,-34,"120"
"523",0.0955124475959005,-33,"120"
"524",0.0808413757211991,-32,"120"
"525",0.065361523387511,-31,"120"
"526",0.0501041856992031,-30,"120"
"527",0.0351945029583146,-29,"120"
"528",0.0190472128788656,-28,"120"
"529",0.00113258811001937,-27,"120"
"530",-0.0186840653833376,-26,"120"
"531",-0.0408317039141329,-25,"120"
"532",-0.0697569091968741,-24,"120"
"533",-0.103329065302575,-23,"120"
"534",-0.142500416543252,-22,"120"
"535",-0.19112415207611,-21,"120"
"536",-0.239142247511421,-20,"120"
"537",-0.279587106314574,-19,"120"
"538",-0.314433782438493,-18,"120"
"539",-0.341324286117586,-17,"120"
"540",-0.36529253802077,-16,"120"
"541",-0.387247913526717,-15,"120"
"542",-0.406951517689241,-14,"120"
"543",-0.425519257709684,-13,"120"
"544",-0.443311901932696,-12,"120"
"545",-0.460663752152431,-11,"120"
"546",-0.477683942740926,-10,"120"
"547",-0.495306339851936,-9,"120"
"548",-0.513498082450597,-8,"120"
"549",-0.534587193375788,-7,"120"
"550",-0.554649007154701,-6,"120"
"551",-0.573610948976886,-5,"120"
"552",-0.59181710838176,-4,"120"
"553",-0.609022544437989,-3,"120"
"554",-0.625570088981281,-2,"120"
"555",-0.641225730880917,-1,"120"
"556",-0.653292569019219,0,"120"
"557",-0.63624273437686,1,"120"
"558",-0.619727580832159,2,"120"
"559",-0.604003524330181,3,"120"
"560",-0.588958511069746,4,"120"
"561",-0.574618314260714,5,"120"
"562",-0.561125569232502,6,"120"
"563",-0.548428781152575,7,"120"
"564",-0.537087731066313,8,"120"
"565",-0.52731460357231,9,"120"
"566",-0.518419289071593,10,"120"
"567",-0.510060905821322,11,"120"
"568",-0.502402789595954,12,"120"
"569",-0.494887439029072,13,"120"
"570",-0.488236661285758,14,"120"
"571",-0.482881366591808,15,"120"
"572",-0.4781694464995,16,"120"
"573",-0.473790429831412,17,"120"
"574",-0.469705741330912,18,"120"
"575",-0.465713681694145,19,"120"
"576",-0.461621930993934,20,"120"
"577",-0.456940452725539,21,"120"
"578",-0.451489994538989,22,"120"
"579",-0.445407719988787,23,"120"
"580",-0.439013296553819,24,"120"
"581",-0.432561207463785,25,"120"
"582",-0.426010399774442,26,"120"
"583",-0.418896051236852,27,"120"
"584",-0.411251643197459,28,"120"
"585",-0.403539347053668,29,"120"
"586",-0.3959669789678,30,"120"
"587",-0.388463892602313,31,"120"
"588",-0.380761979793423,32,"120"
"589",-0.37234097896822,33,"120"
"590",-0.362875584365842,34,"120"
"591",-0.351776358613229,35,"120"
"592",-0.340291985102569,36,"120"
"593",-0.32904601253212,37,"120"
"594",-0.317694564366124,38,"120"
"595",-0.305944314614066,39,"120"
"596",-0.293849734027987,40,"120"
"597",-0.281716955550001,41,"120"
"598",-0.270165480913781,42,"120"
"599",-0.25794676590681,43,"120"
"600",-0.244113470867721,44,"120"
"601",-0.228954417921984,45,"120"
"602",-0.212985339129619,46,"120"
"603",-0.196256504426713,47,"120"
"604",-0.177820361760467,48,"120"
"605",-0.157689110996451,49,"120"
"606",-0.136596792381228,50,"120"
"607",-0.114914416510784,51,"120"
"608",-0.0924229617636393,52,"120"
"609",-0.0691283358498292,53,"120"
"610",-0.044708041520474,54,"120"
"611",-0.0181635780768768,55,"120"
"612",0.0102855377387401,56,"120"
"613",0.0383299981292023,57,"120"
"614",0.0648898210580428,58,"120"
"615",0.0905541119479006,59,"120"
"616",0.115825442202127,60,"120"
"617",0.14081281241021,61,"120"
"618",0.165063593174452,62,"120"
"619",0.188780545731095,63,"120"
"620",0.213375401270857,64,"120"
"621",0.239631823553717,65,"120"
"622",0.267363871039285,66,"120"
"623",0.296776100738849,67,"120"
"624",0.329524535254623,68,"120"
"625",0.362961143059681,69,"120"
"626",0.394401055811948,70,"120"
"627",0.422061996391617,71,"120"
"628",0.44567325724377,72,"120"
"629",0.465737354419075,73,"120"
"630",0.482411302706509,74,"120"
"631",0.494174133628645,75,"120"
"632",0.504766933711205,76,"120"
"633",0.51667539516903,77,"120"
"634",0.528723228147471,78,"120"
"635",0.539998763217953,79,"120"
"636",0.550442561520352,80,"120"
"637",0.559699968684779,81,"120"
"638",0.567803240126307,82,"120"
"639",0.574805802697657,83,"120"
"640",0.579978133021237,84,"120"
"641",0.583459603870483,85,"120"
"642",0.582667176552738,86,"120"
"643",0.575758998870267,87,"120"
"644",0.563286910326129,88,"120"
"645",0.545130182917599,89,"120"
"646",0.521443039121904,90,"120"
"647",0.490640151794363,91,"120"
"648",0.449302540410344,92,"120"
"649",0.386197765107307,93,"120"
"650",0.32334262525304,94,"120"
"651",0.274585333406156,95,"120"
"652",0.234233468791857,96,"120"
"653",0.199048932378524,97,"120"
"654",0.169063422737927,98,"120"
"655",0.142533471135434,99,"120"
"656",0.118905711069391,100,"120"
"657",0.0975716132961818,101,"120"
"658",0.0783738333354262,102,"120"
"659",0.0611390616046021,103,"120"
"660",0.045955920317615,104,"120"
"661",0.0326998472821599,105,"120"
"662",0.0213879304249578,106,"120"
"663",0.0124217248868639,107,"120"
"664",0.00536911595291804,108,"120"
"665",0.000170100517650522,109,"120"
"666",-0.00318554356615285,110,"120"
"667",-0.00479069588745573,111,"120"
"668",-0.00467826110050904,112,"120"
"669",-0.00292325590719082,113,"120"
"670",0.0194342663234786,-133,"140"
"671",0.0372758356392921,-132,"140"
"672",0.0535374653829345,-131,"140"
"673",0.0677869724902048,-130,"140"
"674",0.0798305670469211,-129,"140"
"675",0.0908719135687123,-128,"140"
"676",0.101162892801484,-127,"140"
"677",0.110486479463628,-126,"140"
"678",0.118632325452609,-125,"140"
"679",0.125641687028348,-124,"140"
"680",0.131766430464996,-123,"140"
"681",0.132869419865507,-122,"140"
"682",0.133713518604926,-121,"140"
"683",0.133835991916373,-120,"140"
"684",0.132799831141803,-119,"140"
"685",0.131120829922157,-118,"140"
"686",0.129289940968144,-117,"140"
"687",0.127088672764126,-116,"140"
"688",0.128920562323283,-115,"140"
"689",0.130738145573033,-114,"140"
"690",0.132772451339577,-113,"140"
"691",0.134559883942975,-112,"140"
"692",0.136139620831716,-111,"140"
"693",0.136840888605982,-110,"140"
"694",0.137640739656582,-109,"140"
"695",0.137894029883492,-108,"140"
"696",0.137658484508068,-107,"140"
"697",0.136553768166768,-106,"140"
"698",0.135352974344307,-105,"140"
"699",0.133877555980801,-104,"140"
"700",0.132623708781132,-103,"140"
"701",0.131163397892225,-102,"140"
"702",0.129976554805273,-101,"140"
"703",0.129300304709148,-100,"140"
"704",0.129135600688007,-99,"140"
"705",0.129250022173371,-98,"140"
"706",0.129627702541936,-97,"140"
"707",0.130244653215509,-96,"140"
"708",0.131082032337011,-95,"140"
"709",0.132120771369152,-94,"140"
"710",0.13334434866589,-93,"140"
"711",0.134956696475552,-92,"140"
"712",0.136469245068257,-91,"140"
"713",0.138109897458776,-90,"140"
"714",0.139857404250961,-89,"140"
"715",0.141691137599757,-88,"140"
"716",0.143358733172602,-87,"140"
"717",0.14507043227956,-86,"140"
"718",0.146323780768944,-85,"140"
"719",0.148037682665349,-84,"140"
"720",0.150158452547788,-83,"140"
"721",0.152426381117082,-82,"140"
"722",0.154590239944182,-81,"140"
"723",0.157101073379816,-80,"140"
"724",0.158760501447297,-79,"140"
"725",0.160741177837511,-78,"140"
"726",0.163015187776757,-77,"140"
"727",0.165325190622787,-76,"140"
"728",0.167654669905456,-75,"140"
"729",0.169988852547219,-74,"140"
"730",0.172302590341196,-73,"140"
"731",0.174578134910567,-72,"140"
"732",0.176317081322968,-71,"140"
"733",0.177272748301315,-70,"140"
"734",0.177429690360383,-69,"140"
"735",0.176786372038183,-68,"140"
"736",0.175583896095078,-67,"140"
"737",0.17382475459893,-66,"140"
"738",0.17104917417743,-65,"140"
"739",0.167283404587126,-64,"140"
"740",0.163012478355496,-63,"140"
"741",0.158280702926841,-62,"140"
"742",0.153346099179312,-61,"140"
"743",0.148240443710792,-60,"140"
"744",0.142731057541054,-59,"140"
"745",0.136593911324094,-58,"140"
"746",0.128893163048535,-57,"140"
"747",0.120806283594693,-56,"140"
"748",0.112275987556044,-55,"140"
"749",0.103230783275391,-54,"140"
"750",0.0933399387340612,-53,"140"
"751",0.0825339124008011,-52,"140"
"752",0.070952483592165,-51,"140"
"753",0.059621327318849,-50,"140"
"754",0.0472099551715733,-49,"140"
"755",0.0333649326214255,-48,"140"
"756",0.0177854846218308,-47,"140"
"757",0.000791919188971777,-46,"140"
"758",-0.017558178257463,-45,"140"
"759",-0.0386307401795609,-44,"140"
"760",-0.0629449287453691,-43,"140"
"761",-0.0916258323900361,-42,"140"
"762",-0.133195949176216,-41,"140"
"763",-0.17291348855692,-40,"140"
"764",-0.200670225769213,-39,"140"
"765",-0.220807143053499,-38,"140"
"766",-0.237009785100724,-37,"140"
"767",-0.25120373831708,-36,"140"
"768",-0.263289000681312,-35,"140"
"769",-0.272898843745012,-34,"140"
"770",-0.280133003959297,-33,"140"
"771",-0.285299500658955,-32,"140"
"772",-0.288572487366422,-31,"140"
"773",-0.287279331334891,-30,"140"
"774",-0.284732804563586,-29,"140"
"775",-0.283973225826983,-28,"140"
"776",-0.284125341806755,-27,"140"
"777",-0.28546920813602,-26,"140"
"778",-0.289009829400701,-25,"140"
"779",-0.298098563541781,-24,"140"
"780",-0.312368715609256,-23,"140"
"781",-0.328760889956334,-22,"140"
"782",-0.343125982568324,-21,"140"
"783",-0.355666862934299,-20,"140"
"784",-0.366504534739187,-19,"140"
"785",-0.375164669440421,-18,"140"
"786",-0.379050699470924,-17,"140"
"787",-0.382178319699603,-16,"140"
"788",-0.384675801975671,-15,"140"
"789",-0.386204093810511,-14,"140"
"790",-0.387511498894094,-13,"140"
"791",-0.38883135527054,-12,"140"
"792",-0.390392847275814,-11,"140"
"793",-0.392291406150538,-10,"140"
"794",-0.395200806970978,-9,"140"
"795",-0.399107228209935,-8,"140"
"796",-0.405890417357968,-7,"140"
"797",-0.412315632640706,-6,"140"
"798",-0.418295399809591,-5,"140"
"799",-0.424096940569488,-4,"140"
"800",-0.42949981597816,-3,"140"
"801",-0.434761020697712,-2,"140"
"802",-0.439683338506593,-1,"140"
"803",-0.442081581078756,0,"140"
"804",-0.430928121179828,1,"140"
"805",-0.41985075441868,2,"140"
"806",-0.409049621686027,3,"140"
"807",-0.39819449157647,4,"140"
"808",-0.387014091375741,5,"140"
"809",-0.376479889923299,6,"140"
"810",-0.366711756114917,7,"140"
"811",-0.35812029583973,8,"140"
"812",-0.350656473225395,9,"140"
"813",-0.343747179449078,10,"140"
"814",-0.337189520685125,11,"140"
"815",-0.328357845511523,12,"140"
"816",-0.319775183131085,13,"140"
"817",-0.311715143643124,14,"140"
"818",-0.304215679993882,15,"140"
"819",-0.297031767717377,16,"140"
"820",-0.290199759421502,17,"140"
"821",-0.28352894672663,18,"140"
"822",-0.279819897320022,19,"140"
"823",-0.276306525399976,20,"140"
"824",-0.272720268379252,21,"140"
"825",-0.268559354550565,22,"140"
"826",-0.263994287963963,23,"140"
"827",-0.258800677385802,24,"140"
"828",-0.253807680515623,25,"140"
"829",-0.248504045601932,26,"140"
"830",-0.242506497949331,27,"140"
"831",-0.235488071660688,28,"140"
"832",-0.228365318259587,29,"140"
"833",-0.221029483614762,30,"140"
"834",-0.213697789872875,31,"140"
"835",-0.20583162315826,32,"140"
"836",-0.197308539784215,33,"140"
"837",-0.18793118666342,34,"140"
"838",-0.17734550807178,35,"140"
"839",-0.166333850714233,36,"140"
"840",-0.155413682874749,37,"140"
"841",-0.144301779532559,38,"140"
"842",-0.132734239322205,39,"140"
"843",-0.120749071293757,40,"140"
"844",-0.108602752897559,41,"140"
"845",-0.0969819905514968,42,"140"
"846",-0.0845599666816789,43,"140"
"847",-0.0707195934232435,44,"140"
"848",-0.0557366055333479,45,"140"
"849",-0.0400836223919808,46,"140"
"850",-0.0236364904283828,47,"140"
"851",-0.00574254920033979,48,"140"
"852",0.0138151862436982,49,"140"
"853",0.0337472151719436,50,"140"
"854",0.0537603880085773,51,"140"
"855",0.0741840095662167,52,"140"
"856",0.0951923446330786,53,"140"
"857",0.116753729790068,54,"140"
"858",0.14047541851939,55,"140"
"859",0.165352575223234,56,"140"
"860",0.189218600288054,57,"140"
"861",0.21140348438515,58,"140"
"862",0.232409090008415,59,"140"
"863",0.252662474378567,60,"140"
"864",0.272214845706477,61,"140"
"865",0.290656909859266,62,"140"
"866",0.308494453231849,63,"140"
"867",0.327283266643889,64,"140"
"868",0.347582163858676,65,"140"
"869",0.369197019917583,66,"140"
"870",0.392141661465035,67,"140"
"871",0.417908983692069,68,"140"
"872",0.444566598038863,69,"140"
"873",0.469642832621409,70,"140"
"874",0.491290250443061,71,"140"
"875",0.509291394735276,72,"140"
"876",0.523951408141682,73,"140"
"877",0.535370200414171,74,"140"
"878",0.542409747061094,75,"140"
"879",0.548430995906123,76,"140"
"880",0.555993794481163,77,"140"
"881",0.56316897228974,78,"140"
"882",0.569350185503022,79,"140"
"883",0.574509794154637,80,"140"
"884",0.578493436350589,81,"140"
"885",0.581296015185385,82,"140"
"886",0.5827965236699,83,"140"
"887",0.581701263078631,84,"140"
"888",0.57895253657459,85,"140"
"889",0.572326970104956,86,"140"
"890",0.56015620423531,87,"140"
"891",0.542568532412619,88,"140"
"892",0.519222653821207,89,"140"
"893",0.490444461389749,90,"140"
"894",0.454758017924433,91,"140"
"895",0.408818697489668,92,"140"
"896",0.342045975264576,93,"140"
"897",0.275115632084336,94,"140"
"898",0.220873141514713,95,"140"
"899",0.174207015291037,96,"140"
"900",0.133620450052847,97,"140"
"901",0.0990363935310605,98,"140"
"902",0.0675524014686269,99,"140"
"903",0.0385498313859305,100,"140"
"904",0.0114561512697297,101,"140"
"905",-0.0137203576952425,102,"140"
"906",-0.0371423605047939,103,"140"
"907",-0.0593908406025091,104,"140"
"908",-0.0808415716291908,105,"140"
"909",-0.100709107336309,106,"140"
"910",-0.118822296466557,107,"140"
"911",-0.135244570357173,108,"140"
"912",-0.149851051941373,109,"140"
"913",-0.160306742377023,110,"140"
"914",-0.167998049304535,111,"140"
"915",-0.172946708273984,112,"140"
"916",-0.176407179959846,113,"140"
"917",-0.178431132372609,114,"140"
"918",-0.179066117578509,115,"140"
"919",-0.178509031578081,116,"140"
"920",-0.179153856278015,117,"140"
"921",-0.178430248794284,118,"140"
"922",-0.176205853131167,119,"140"
"923",-0.172826045618833,120,"140"
"924",-0.168325588575727,121,"140"
"925",-0.16273554720035,122,"140"
"926",-0.156078891567513,123,"140"
"927",-0.148228946367502,124,"140"
"928",-0.138899416527505,125,"140"
"929",-0.128253241417459,126,"140"
"930",-0.114913410105947,127,"140"
"931",-0.100743150027776,128,"140"
"932",-0.0857662645839926,129,"140"
"933",-0.0698532666692637,130,"140"
"934",-0.0531835475208917,131,"140"
"935",-0.0356282636507753,132,"140"
"936",-0.0173678506080725,133,"140"
"937",0.0133351296434311,-153,"160"
"938",0.0258364226666949,-152,"160"
"939",0.0378238934601875,-151,"160"
"940",0.0491335372349947,-150,"160"
"941",0.0600844085359714,-149,"160"
"942",0.0706663375379636,-148,"160"
"943",0.0805531421001257,-147,"160"
"944",0.08943134148423,-146,"160"
"945",0.0978047482500583,-145,"160"
"946",0.105364158053986,-144,"160"
"947",0.11212028917134,-143,"160"
"948",0.118725127313755,-142,"160"
"949",0.124842652747731,-141,"160"
"950",0.130468051157376,-140,"160"
"951",0.135606113633208,-139,"160"
"952",0.140109987762081,-138,"160"
"953",0.144155816882525,-137,"160"
"954",0.147914877151485,-136,"160"
"955",0.15139798737517,-135,"160"
"956",0.154449124572233,-134,"160"
"957",0.156439899627191,-133,"160"
"958",0.157408347730734,-132,"160"
"959",0.157414588021357,-131,"160"
"960",0.156183171468891,-130,"160"
"961",0.153619612351559,-129,"160"
"962",0.150621365029541,-128,"160"
"963",0.147407581109984,-127,"160"
"964",0.1438817649949,-126,"160"
"965",0.139947786751819,-125,"160"
"966",0.13567568521097,-124,"160"
"967",0.131278115622501,-123,"160"
"968",0.123912996398017,-122,"160"
"969",0.116947160783269,-121,"160"
"970",0.110087942005006,-120,"160"
"971",0.103050262069688,-119,"160"
"972",0.096206732185098,-118,"160"
"973",0.0899020141966004,-117,"160"
"974",0.0839756474262742,-116,"160"
"975",0.0814994600362508,-115,"160"
"976",0.0796274689587453,-114,"160"
"977",0.0785080941422704,-113,"160"
"978",0.0777955069609214,-112,"160"
"979",0.0774819110905294,-111,"160"
"980",0.0770731286289621,-110,"160"
"981",0.0772137844814536,-109,"160"
"982",0.0773894624270595,-108,"160"
"983",0.077580010530678,-107,"160"
"984",0.0774368803744676,-106,"160"
"985",0.0774136872733166,-105,"160"
"986",0.0773111912562593,-104,"160"
"987",0.0774084337493394,-103,"160"
"988",0.0773421064098766,-102,"160"
"989",0.0774061157382255,-101,"160"
"990",0.0777246279475587,-100,"160"
"991",0.0782440183740643,-99,"160"
"992",0.0787670840459504,-98,"160"
"993",0.0792531394270848,-97,"160"
"994",0.0796635678098152,-96,"160"
"995",0.0799559161309029,-95,"160"
"996",0.0800893168654218,-94,"160"
"997",0.0800248258018676,-93,"160"
"998",0.0798879649900809,-92,"160"
"999",0.0793036394175341,-91,"160"
"1000",0.0784073539944013,-90,"160"
"1001",0.0771624005794281,-89,"160"
"1002",0.0755446329901577,-88,"160"
"1003",0.0733868513083853,-87,"160"
"1004",0.0708488387800324,-86,"160"
"1005",0.0676021492427997,-85,"160"
"1006",0.0643054380192484,-84,"160"
"1007",0.0609448911643776,-83,"160"
"1008",0.0573707094256391,-82,"160"
"1009",0.0534313228606985,-81,"160"
"1010",0.0494654499416222,-80,"160"
"1011",0.0446475083241576,-79,"160"
"1012",0.0397930355947692,-78,"160"
"1013",0.0348631669230157,-77,"160"
"1014",0.0296663652207486,-76,"160"
"1015",0.0241444440613624,-75,"160"
"1016",0.0182295108218805,-74,"160"
"1017",0.0118293940947343,-73,"160"
"1018",0.00487008453311162,-72,"160"
"1019",-0.0030614206651018,-71,"160"
"1020",-0.012232005978091,-70,"160"
"1021",-0.0227566695348825,-69,"160"
"1022",-0.0347400029226264,-68,"160"
"1023",-0.0482803898079981,-67,"160"
"1024",-0.0635290983562821,-66,"160"
"1025",-0.080980626378281,-65,"160"
"1026",-0.100836573328756,-64,"160"
"1027",-0.123424825040208,-63,"160"
"1028",-0.149876696237695,-62,"160"
"1029",-0.186824862736147,-61,"160"
"1030",-0.223164258605342,-60,"160"
"1031",-0.251778832715892,-59,"160"
"1032",-0.27583515563755,-58,"160"
"1033",-0.297507238368672,-57,"160"
"1034",-0.31610191447888,-56,"160"
"1035",-0.332162341696789,-55,"160"
"1036",-0.34570089807879,-54,"160"
"1037",-0.357685678131758,-53,"160"
"1038",-0.368240269994569,-52,"160"
"1039",-0.377302079458141,-51,"160"
"1040",-0.384583810174983,-50,"160"
"1041",-0.390853044056996,-49,"160"
"1042",-0.395904684918104,-48,"160"
"1043",-0.399689988268848,-47,"160"
"1044",-0.401781335123337,-46,"160"
"1045",-0.402103574141611,-45,"160"
"1046",-0.401593241900035,-44,"160"
"1047",-0.399880993881414,-43,"160"
"1048",-0.396407100524938,-42,"160"
"1049",-0.390468071090857,-41,"160"
"1050",-0.382315780945308,-40,"160"
"1051",-0.372183074797051,-39,"160"
"1052",-0.360346797663037,-38,"160"
"1053",-0.348084926707403,-37,"160"
"1054",-0.336678312719348,-36,"160"
"1055",-0.325196109638902,-35,"160"
"1056",-0.313114935732178,-34,"160"
"1057",-0.300173396875816,-33,"160"
"1058",-0.286510821112049,-32,"160"
"1059",-0.272154437915451,-31,"160"
"1060",-0.255133919891517,-30,"160"
"1061",-0.237916519504134,-29,"160"
"1062",-0.222776803413234,-28,"160"
"1063",-0.209033988653205,-27,"160"
"1064",-0.196860005234108,-26,"160"
"1065",-0.186990684769933,-25,"160"
"1066",-0.181743126547001,-24,"160"
"1067",-0.180966424006223,-23,"160"
"1068",-0.182252944485359,-22,"160"
"1069",-0.182507034487359,-21,"160"
"1070",-0.181859693954574,-20,"160"
"1071",-0.180376602458245,-19,"160"
"1072",-0.177688609185334,-18,"160"
"1073",-0.172028653529139,-17,"160"
"1074",-0.166195446561032,-16,"160"
"1075",-0.16025978189984,-15,"160"
"1076",-0.153974812942615,-14,"160"
"1077",-0.147918016071743,-13,"160"
"1078",-0.142267433000845,-12,"160"
"1079",-0.137202276328814,-11,"160"
"1080",-0.132779967585936,-10,"160"
"1081",-0.129481409171345,-9,"160"
"1082",-0.127309768365022,-8,"160"
"1083",-0.127548254033725,-7,"160"
"1084",-0.127886300140491,-6,"160"
"1085",-0.128244689623104,-5,"160"
"1086",-0.1287953234924,-4,"160"
"1087",-0.129360528048852,-3,"160"
"1088",-0.130095140694276,-2,"160"
"1089",-0.130832201898367,-1,"160"
"1090",-0.130018011545293,0,"160"
"1091",-0.119162960068679,1,"160"
"1092",-0.108685566342051,2,"160"
"1093",-0.0990038563182234,3,"160"
"1094",-0.089990677671217,4,"160"
"1095",-0.0818247502731064,5,"160"
"1096",-0.0746706977223751,6,"160"
"1097",-0.0682510193806758,7,"160"
"1098",-0.0627523663623243,8,"160"
"1099",-0.0586326375025088,9,"160"
"1100",-0.0551951121073844,10,"160"
"1101",-0.0521589034246054,11,"160"
"1102",-0.0501765689576954,12,"160"
"1103",-0.0485701320029507,13,"160"
"1104",-0.0477835072616041,14,"160"
"1105",-0.0480838971929442,15,"160"
"1106",-0.048909228290436,16,"160"
"1107",-0.0501619218018862,17,"160"
"1108",-0.0519269379579266,18,"160"
"1109",-0.0540539777953054,19,"160"
"1110",-0.0562780242304364,20,"160"
"1111",-0.0577563465470772,21,"160"
"1112",-0.0583292006945353,22,"160"
"1113",-0.0581217749752663,23,"160"
"1114",-0.0570678470307933,24,"160"
"1115",-0.0552026166695299,25,"160"
"1116",-0.0531115249319162,26,"160"
"1117",-0.0506259131371491,27,"160"
"1118",-0.0476146970423683,28,"160"
"1119",-0.0443084048907859,29,"160"
"1120",-0.040743187263509,30,"160"
"1121",-0.0369746819879855,31,"160"
"1122",-0.0305637116352943,32,"160"
"1123",-0.0236714546851859,33,"160"
"1124",-0.015765798554308,34,"160"
"1125",-0.00630880927569123,35,"160"
"1126",0.00373347702461886,36,"160"
"1127",0.0137173706493646,37,"160"
"1128",0.0239958917899011,38,"160"
"1129",0.0323965788506665,39,"160"
"1130",0.0410160938692952,40,"160"
"1131",0.0495311171363722,41,"160"
"1132",0.0577796304178634,42,"160"
"1133",0.0665509617121261,43,"160"
"1134",0.0768185372677347,44,"160"
"1135",0.0878653225546774,45,"160"
"1136",0.0996963121288024,46,"160"
"1137",0.112283255535267,47,"160"
"1138",0.1264991372924,48,"160"
"1139",0.141888964461272,49,"160"
"1140",0.158055538447585,50,"160"
"1141",0.174522940776941,51,"160"
"1142",0.19167979189165,52,"160"
"1143",0.209290683622393,53,"160"
"1144",0.227447356323481,54,"160"
"1145",0.246790487514106,55,"160"
"1146",0.26726332038094,56,"160"
"1147",0.287186225733026,57,"160"
"1148",0.305919482709384,58,"160"
"1149",0.323852141933391,59,"160"
"1150",0.341314365649153,60,"160"
"1151",0.358344164915537,61,"160"
"1152",0.374495990306823,62,"160"
"1153",0.39016515937675,63,"160"
"1154",0.406304054686209,64,"160"
"1155",0.423333649048084,65,"160"
"1156",0.441091450004518,66,"160"
"1157",0.459827211785662,67,"160"
"1158",0.480570001991836,68,"160"
"1159",0.501821493987479,69,"160"
"1160",0.521152310873746,70,"160"
"1161",0.537361835334508,71,"160"
"1162",0.550407522253135,72,"160"
"1163",0.56077468740528,73,"160"
"1164",0.568295157300534,74,"160"
"1165",0.572592130904893,75,"160"
"1166",0.575528784206011,76,"160"
"1167",0.578598796031602,77,"160"
"1168",0.581020655771846,78,"160"
"1169",0.58231633716805,79,"160"
"1170",0.582454650387281,80,"160"
"1171",0.581180838682891,81,"160"
"1172",0.578476119857625,82,"160"
"1173",0.574603079102909,83,"160"
"1174",0.569275685091504,84,"160"
"1175",0.56261322795832,85,"160"
"1176",0.552748878642536,86,"160"
"1177",0.538219377023709,87,"160"
"1178",0.519339838359786,88,"160"
"1179",0.49619395485302,89,"160"
"1180",0.468398101163877,90,"160"
"1181",0.434571659414695,91,"160"
"1182",0.392067987344868,92,"160"
"1183",0.331701582004372,93,"160"
"1184",0.270938152513047,94,"160"
"1185",0.221051656953917,95,"160"
"1186",0.177665207116634,96,"160"
"1187",0.139185340663482,97,"160"
"1188",0.10463689815605,98,"160"
"1189",0.0725822722918563,99,"160"
"1190",0.042627188612917,100,"160"
"1191",0.0144094689826261,101,"160"
"1192",-0.0121940918676106,102,"160"
"1193",-0.0374480309195786,103,"160"
"1194",-0.0619377639085387,104,"160"
"1195",-0.0852128988493019,105,"160"
"1196",-0.107131429249165,106,"160"
"1197",-0.127681477212306,107,"160"
"1198",-0.14717343393903,108,"160"
"1199",-0.165767175033945,109,"160"
"1200",-0.182862660041981,110,"160"
"1201",-0.198620759841587,111,"160"
"1202",-0.213211019257278,112,"160"
"1203",-0.226783580745795,113,"160"
"1204",-0.23925522530613,114,"160"
"1205",-0.250789566238068,115,"160"
"1206",-0.261291076889624,116,"160"
"1207",-0.270031865981236,117,"160"
"1208",-0.276779980730146,118,"160"
"1209",-0.282552227977167,119,"160"
"1210",-0.287500881323629,120,"160"
"1211",-0.291651477228795,121,"160"
"1212",-0.294901408465243,122,"160"
"1213",-0.297269709191387,123,"160"
"1214",-0.299284898300592,124,"160"
"1215",-0.301104874343204,125,"160"
"1216",-0.302126302378441,126,"160"
"1217",-0.30226631220215,127,"160"
"1218",-0.301549243204312,128,"160"
"1219",-0.299871204487324,129,"160"
"1220",-0.295372170589581,130,"160"
"1221",-0.289190385362604,131,"160"
"1222",-0.281339527683976,132,"160"
"1223",-0.272833269255716,133,"160"
"1224",-0.263686846998098,134,"160"
"1225",-0.253907868890604,135,"160"
"1226",-0.243636832181599,136,"160"
"1227",-0.234774820330099,137,"160"
"1228",-0.225214658912224,138,"160"
"1229",-0.214854378706532,139,"160"
"1230",-0.203966536524009,140,"160"
"1231",-0.192592282597119,141,"160"
"1232",-0.180772727886213,142,"160"
"1233",-0.168548981633265,143,"160"
"1234",-0.155842372551254,144,"160"
"1235",-0.142437197944367,145,"160"
"1236",-0.128482764803771,146,"160"
"1237",-0.112875450300647,147,"160"
"1238",-0.0971295526167258,148,"160"
"1239",-0.0812554684771483,149,"160"
"1240",-0.0651306001877176,150,"160"
"1241",-0.0488717327203865,151,"160"
"1242",-0.0323403375473032,152,"160"
"1243",-0.0156395550065549,153,"160"
"1244",0.00692164252857397,-173,"180"
"1245",0.0144901864061991,-172,"180"
"1246",0.0225390884027284,-171,"180"
"1247",0.0300873060713828,-170,"180"
"1248",0.0372510319969018,-169,"180"
"1249",0.0443804376322073,-168,"180"
"1250",0.0513428874865454,-167,"180"
"1251",0.0582472355680497,-166,"180"
"1252",0.0648438524266588,-165,"180"
"1253",0.071134567158333,-164,"180"
"1254",0.0772318660280865,-163,"180"
"1255",0.0830048743368715,-162,"180"
"1256",0.0882105840774056,-161,"180"
"1257",0.092732655979069,-160,"180"
"1258",0.0967014386331215,-159,"180"
"1259",0.100131004229954,-158,"180"
"1260",0.103152011629111,-157,"180"
"1261",0.105301218689499,-156,"180"
"1262",0.106728077391014,-155,"180"
"1263",0.107575109822525,-154,"180"
"1264",0.108217899770906,-153,"180"
"1265",0.108308914978441,-152,"180"
"1266",0.108117531840093,-151,"180"
"1267",0.107543997461701,-150,"180"
"1268",0.106851563621069,-149,"180"
"1269",0.106068959417614,-148,"180"
"1270",0.10498837555924,-147,"180"
"1271",0.103421592630356,-146,"180"
"1272",0.101778103059296,-145,"180"
"1273",0.0998647974936871,-144,"180"
"1274",0.0977232244923397,-143,"180"
"1275",0.095872707806309,-142,"180"
"1276",0.0940922146916135,-141,"180"
"1277",0.0924070515853618,-140,"180"
"1278",0.0908413255916563,-139,"180"
"1279",0.0893001959123082,-138,"180"
"1280",0.0879209975042696,-137,"180"
"1281",0.0868302157995178,-136,"180"
"1282",0.0860323743537143,-135,"180"
"1283",0.0854110804521804,-134,"180"
"1284",0.0844991884567067,-133,"180"
"1285",0.0833133135945248,-132,"180"
"1286",0.0818710500352631,-131,"180"
"1287",0.0799514471854947,-130,"180"
"1288",0.0774556479379268,-129,"180"
"1289",0.074994173558887,-128,"180"
"1290",0.0726782286430921,-127,"180"
"1291",0.0703724058335255,-126,"180"
"1292",0.0679387064427742,-125,"180"
"1293",0.0653694028216959,-124,"180"
"1294",0.0627680761654073,-123,"180"
"1295",0.0580040098430438,-122,"180"
"1296",0.0535137851968866,-121,"180"
"1297",0.0490481781734017,-120,"180"
"1298",0.0443578703468491,-119,"180"
"1299",0.0396860008952396,-118,"180"
"1300",0.0352605636791032,-117,"180"
"1301",0.0309447461088424,-116,"180"
"1302",0.0289627262861235,-115,"180"
"1303",0.0272015513176876,-114,"180"
"1304",0.0257480209354543,-113,"180"
"1305",0.0243349912681346,-112,"180"
"1306",0.0229346013444996,-111,"180"
"1307",0.021166866855108,-110,"180"
"1308",0.0194894411729263,-109,"180"
"1309",0.0175179634615963,-108,"180"
"1310",0.0152419565106929,-107,"180"
"1311",0.0124156279494481,-106,"180"
"1312",0.00938797119187535,-105,"180"
"1313",0.00601967458850289,-104,"180"
"1314",0.00252999088092401,-103,"180"
"1315",-0.00133001986689351,-102,"180"
"1316",-0.00533018246843128,-101,"180"
"1317",-0.00936535416532103,-100,"180"
"1318",-0.0134641481316833,-99,"180"
"1319",-0.0177761010441179,-98,"180"
"1320",-0.0223416915400005,-97,"180"
"1321",-0.0271967194973103,-96,"180"
"1322",-0.0324002571452969,-95,"180"
"1323",-0.0380194097598675,-94,"180"
"1324",-0.0441315892019136,-93,"180"
"1325",-0.0506901547886843,-92,"180"
"1326",-0.0580161862143397,-91,"180"
"1327",-0.0660773598576473,-90,"180"
"1328",-0.0749790991076655,-89,"180"
"1329",-0.0848252339892133,-88,"180"
"1330",-0.0959229477631477,-87,"180"
"1331",-0.108286839066831,-86,"180"
"1332",-0.122304060638588,-85,"180"
"1333",-0.137663752253104,-84,"180"
"1334",-0.154814417856365,-83,"180"
"1335",-0.174641127875817,-82,"180"
"1336",-0.201371961089755,-81,"180"
"1337",-0.229090689603705,-80,"180"
"1338",-0.253667719674606,-79,"180"
"1339",-0.274803240483094,-78,"180"
"1340",-0.293197796630888,-77,"180"
"1341",-0.309714551294989,-76,"180"
"1342",-0.324835918021187,-75,"180"
"1343",-0.338558280017885,-74,"180"
"1344",-0.350853369597079,-73,"180"
"1345",-0.361652963270726,-72,"180"
"1346",-0.371343912501874,-71,"180"
"1347",-0.379868922334148,-70,"180"
"1348",-0.386994778202189,-69,"180"
"1349",-0.392691105104683,-68,"180"
"1350",-0.397115185791877,-67,"180"
"1351",-0.40044469039001,-66,"180"
"1352",-0.402994281282189,-65,"180"
"1353",-0.404481217093759,-64,"180"
"1354",-0.404832106421532,-63,"180"
"1355",-0.404510904558752,-62,"180"
"1356",-0.403753888419698,-61,"180"
"1357",-0.402308485383777,-60,"180"
"1358",-0.400326168694241,-59,"180"
"1359",-0.397972185072505,-58,"180"
"1360",-0.395799750041029,-57,"180"
"1361",-0.393134652583403,-56,"180"
"1362",-0.38964995526646,-55,"180"
"1363",-0.385149760575445,-54,"180"
"1364",-0.380152725337768,-53,"180"
"1365",-0.37469353348391,-52,"180"
"1366",-0.368652053142018,-51,"180"
"1367",-0.361886988388431,-50,"180"
"1368",-0.354862656775454,-49,"180"
"1369",-0.347400398610156,-48,"180"
"1370",-0.339470473483228,-47,"180"
"1371",-0.330716760716793,-46,"180"
"1372",-0.321070947401805,-45,"180"
"1373",-0.311213653748531,-44,"180"
"1374",-0.300836154052203,-43,"180"
"1375",-0.289470940571564,-42,"180"
"1376",-0.276545154797403,-41,"180"
"1377",-0.262229758248833,-40,"180"
"1378",-0.246706286982019,-39,"180"
"1379",-0.230171367056937,-38,"180"
"1380",-0.213571533595819,-37,"180"
"1381",-0.19790934733985,-36,"180"
"1382",-0.182523495254219,-35,"180"
"1383",-0.166985596134502,-34,"180"
"1384",-0.151077105088926,-33,"180"
"1385",-0.134894036469864,-32,"180"
"1386",-0.118459229706772,-31,"180"
"1387",-0.100220082793305,-30,"180"
"1388",-0.0821954498379207,-29,"180"
"1389",-0.0661705307635909,-28,"180"
"1390",-0.0515651103946272,-27,"180"
"1391",-0.0385126895596163,-26,"180"
"1392",-0.0275933902470717,-25,"180"
"1393",-0.0204829834760655,-24,"180"
"1394",-0.0171644435226144,-23,"180"
"1395",-0.0156577925752439,-22,"180"
"1396",-0.0135259862424579,-21,"180"
"1397",-0.0108510250211314,-20,"180"
"1398",-0.00766501453826528,-19,"180"
"1399",-0.00365316561508875,-18,"180"
"1400",0.0024531314844688,-17,"180"
"1401",0.00862830360740484,-16,"180"
"1402",0.0148616845643263,-15,"180"
"1403",0.0213577811576718,-14,"180"
"1404",0.0276838864912944,-13,"180"
"1405",0.0337285408443907,-12,"180"
"1406",0.0393790560985394,-11,"180"
"1407",0.0446337385886033,-10,"180"
"1408",0.0491563697719389,-9,"180"
"1409",0.0529503237702139,-8,"180"
"1410",0.0551107687895537,-7,"180"
"1411",0.0573728227904643,-6,"180"
"1412",0.0598045541015568,-5,"180"
"1413",0.0622742387242931,-4,"180"
"1414",0.0648912816251253,-3,"180"
"1415",0.0675139469251224,-2,"180"
"1416",0.0702276604979894,-1,"180"
"1417",0.0741223877346341,0,"180"
"1418",0.0871379601257162,1,"180"
"1419",0.0986473241780444,2,"180"
"1420",0.108622810693605,3,"180"
"1421",0.11801621474238,4,"180"
"1422",0.126760575176726,5,"180"
"1423",0.134357165313432,6,"180"
"1424",0.140942659607097,7,"180"
"1425",0.146035815410469,8,"180"
"1426",0.149804805892125,9,"180"
"1427",0.152611764288663,10,"180"
"1428",0.154563201615308,11,"180"
"1429",0.155653692367758,12,"180"
"1430",0.156472359798563,13,"180"
"1431",0.156779150733564,14,"180"
"1432",0.156239888937106,15,"180"
"1433",0.1552148232199,16,"180"
"1434",0.153769586834076,17,"180"
"1435",0.152420101991937,18,"180"
"1436",0.151174656869677,19,"180"
"1437",0.150030931048845,20,"180"
"1438",0.148909589906146,21,"180"
"1439",0.148299074395882,22,"180"
"1440",0.147858955893511,23,"180"
"1441",0.147557101082186,24,"180"
"1442",0.147020907056444,25,"180"
"1443",0.146282824090839,26,"180"
"1444",0.145822743676141,27,"180"
"1445",0.145887498270584,28,"180"
"1446",0.145829104866421,29,"180"
"1447",0.145857400393803,30,"180"
"1448",0.146027258914993,31,"180"
"1449",0.146004591782762,32,"180"
"1450",0.146297385215593,33,"180"
"1451",0.147129324354327,34,"180"
"1452",0.148728468731949,35,"180"
"1453",0.15062488800978,36,"180"
"1454",0.152373323433151,37,"180"
"1455",0.154036305991125,38,"180"
"1456",0.155787858113807,39,"180"
"1457",0.157731931113911,40,"180"
"1458",0.160196563209083,41,"180"
"1459",0.16285487299702,42,"180"
"1460",0.166360877798445,43,"180"
"1461",0.171450146962882,44,"180"
"1462",0.178073058981245,45,"180"
"1463",0.185335536273796,46,"180"
"1464",0.193100266214223,47,"180"
"1465",0.2019990727624,48,"180"
"1466",0.212093125069022,49,"180"
"1467",0.222964225874584,50,"180"
"1468",0.234315716796239,51,"180"
"1469",0.248422188035562,52,"180"
"1470",0.262906360284035,53,"180"
"1471",0.278182326843979,54,"180"
"1472",0.295006130564637,55,"180"
"1473",0.312984302138991,56,"180"
"1474",0.330499738346631,57,"180"
"1475",0.34714076797803,58,"180"
"1476",0.360940667962052,59,"180"
"1477",0.374194730379626,60,"180"
"1478",0.386811655034453,61,"180"
"1479",0.398768888206622,62,"180"
"1480",0.41018395093795,63,"180"
"1481",0.422294593925069,64,"180"
"1482",0.434965707882645,65,"180"
"1483",0.448425244713217,66,"180"
"1484",0.462777779120759,67,"180"
"1485",0.47920520920827,68,"180"
"1486",0.495924069151233,69,"180"
"1487",0.511482629783313,70,"180"
"1488",0.524663738493951,71,"180"
"1489",0.535572594729623,72,"180"
"1490",0.544264269112564,73,"180"
"1491",0.550687240535914,74,"180"
"1492",0.554022710239636,75,"180"
"1493",0.556417309236175,76,"180"
"1494",0.559086181404942,77,"180"
"1495",0.561289300005193,78,"180"
"1496",0.562632098487335,79,"180"
"1497",0.563083289708394,80,"180"
"1498",0.562427580330988,81,"180"
"1499",0.560523919083816,82,"180"
"1500",0.557613779500979,83,"180"
"1501",0.553231220629428,84,"180"
"1502",0.547459215398312,85,"180"
"1503",0.538762143202984,86,"180"
"1504",0.526139729165065,87,"180"
"1505",0.509709066061744,88,"180"
"1506",0.489550908244955,89,"180"
"1507",0.464844993721027,90,"180"
"1508",0.434596768328333,91,"180"
"1509",0.396648679256183,92,"180"
"1510",0.343055890337501,93,"180"
"1511",0.288886687254995,94,"180"
"1512",0.244563621082152,95,"180"
"1513",0.205525836593991,96,"180"
"1514",0.169918737637302,97,"180"
"1515",0.137551303455939,98,"180"
"1516",0.107152352325352,99,"180"
"1517",0.0783704130843058,100,"180"
"1518",0.0507715135578756,101,"180"
"1519",0.0242430401104408,102,"180"
"1520",-0.00110188225411315,103,"180"
"1521",-0.0251071081403287,104,"180"
"1522",-0.0479264310955043,105,"180"
"1523",-0.0695453865230351,106,"180"
"1524",-0.0900742189426464,107,"180"
"1525",-0.109566144907968,108,"180"
"1526",-0.127811670176145,109,"180"
"1527",-0.144834302360017,110,"180"
"1528",-0.160907367058491,111,"180"
"1529",-0.176072361243044,112,"180"
"1530",-0.190472067115183,113,"180"
"1531",-0.204144049353306,114,"180"
"1532",-0.217002697588164,115,"180"
"1533",-0.22895428310589,116,"180"
"1534",-0.239542528052286,117,"180"
"1535",-0.249388542830663,118,"180"
"1536",-0.258513422227985,119,"180"
"1537",-0.266947165234614,120,"180"
"1538",-0.274598107753192,121,"180"
"1539",-0.281492205851108,122,"180"
"1540",-0.287772105325283,123,"180"
"1541",-0.294065209339867,124,"180"
"1542",-0.299803535234066,125,"180"
"1543",-0.304886832314385,126,"180"
"1544",-0.309353054687008,127,"180"
"1545",-0.313464374637438,128,"180"
"1546",-0.317360488352368,129,"180"
"1547",-0.320465150506216,130,"180"
"1548",-0.32291779608824,131,"180"
"1549",-0.324859119637366,132,"180"
"1550",-0.326426073633102,133,"180"
"1551",-0.327516053237388,134,"180"
"1552",-0.328257705654441,135,"180"
"1553",-0.328546139420643,136,"180"
"1554",-0.327677691679207,137,"180"
"1555",-0.325425139338629,138,"180"
"1556",-0.322766379180544,139,"180"
"1557",-0.319845031430663,140,"180"
"1558",-0.316700364358782,141,"180"
"1559",-0.313252027388299,142,"180"
"1560",-0.309538946664174,143,"180"
"1561",-0.306082526199932,144,"180"
"1562",-0.30303259229633,145,"180"
"1563",-0.299807460798228,146,"180"
"1564",-0.296301286723179,147,"180"
"1565",-0.292516900891981,148,"180"
"1566",-0.288332549892094,149,"180"
"1567",-0.281943634211705,150,"180"
"1568",-0.274411925688747,151,"180"
"1569",-0.265724253724662,152,"180"
"1570",-0.256822150356565,153,"180"
"1571",-0.247688988987818,154,"180"
"1572",-0.238308271451805,155,"180"
"1573",-0.228779514879055,156,"180"
"1574",-0.220873383508277,157,"180"
"1575",-0.2125322322107,158,"180"
"1576",-0.203602734030204,159,"180"
"1577",-0.194294209657323,160,"180"
"1578",-0.184579725957659,161,"180"
"1579",-0.174438022269211,162,"180"
"1580",-0.163841981845897,163,"180"
"1581",-0.152653829226301,164,"180"
"1582",-0.140607592930945,165,"180"
"1583",-0.12780420470308,166,"180"
"1584",-0.113150232168388,167,"180"
"1585",-0.0980674531489527,168,"180"
"1586",-0.0825609622657914,169,"180"
"1587",-0.0665264759611898,170,"180"
"1588",-0.0501212355819942,171,"180"
"1589",-0.0332708506837816,172,"180"
"1590",-0.0161461198755847,173,"180"
