"","Estimate","Std. Error","t value","Pr(>|t|)","2.5 %","97.5 %","region"
"(Intercept)",-46.5836734693878,1.4229813368586,-32.7366721282703,7.56752448299711e-19,-49.5519605242163,-43.6153864145592,"Bath and North East Somerset"
"dayFriday",-3.25612244897959,1.68968691110494,-1.92705667989718,0.0682994427890902,-6.78074758286806,0.268502684908872,"Bath and North East Somerset"
"dayMonday",-4.74693877551021,1.68674234846467,-2.81426430055013,0.0107134973973061,-8.26542165936289,-1.22845589165752,"Bath and North East Somerset"
"daySaturday",4.49693877551021,1.68674234846467,2.66604960716346,0.0148384927944658,0.97845589165752,8.01542165936289,"Bath and North East Somerset"
"dayThursday",-3.2591836734694,1.6945831453934,-1.92329522592577,0.0687967386116585,-6.79402217311285,0.275654826174049,"Bath and North East Somerset"
"dayTuesday",-4.24387755102041,1.68968691110494,-2.51163545336645,0.0207121026318584,-7.76850268490887,-0.719252417131942,"Bath and North East Somerset"
"dayWednesday",-2.49081632653061,1.6945831453934,-1.46986964511108,0.157153728666971,-6.02565482617406,1.04402217311284,"Bath and North East Somerset"
"days_since_lockdown",0.246938775510204,0.0575676629576795,4.28953969682146,0.000357495527274972,0.126854734835964,0.367022816184445,"Bath and North East Somerset"
"(Intercept)1",-16.3734693877551,0.929215520057397,-17.6207446327884,1.19398524587599e-13,-18.3117789972269,-14.4351597782832,"Bedford"
"dayFriday1",-17.2224489795918,1.10337589198653,-15.608868296537,1.15282465966159e-12,-19.5240507588701,-14.9208472003136,"Bedford"
"dayMonday1",-18.1387755102041,1.10145307456494,-16.4680420156516,4.25054398199676e-13,-20.4363663626252,-15.841184657783,"Bedford"
"daySaturday1",-2.11122448979592,1.10145307456494,-1.91676299113317,0.069667963960391,-4.40881534221699,0.186366362625151,"Bedford"
"dayThursday1",-17.3336734693877,1.1065731629365,-15.6642814501209,1.07945464852879e-12,-19.6419446389987,-15.0254022997768,"Bedford"
"dayTuesday1",-17.7775510204082,1.10337589198653,-16.1119625229451,6.39155922929311e-13,-20.0791527996864,-15.4759492411299,"Bedford"
"dayWednesday1",-15.9163265306122,1.1065731629365,-14.3834380443272,5.20501735943681e-12,-18.2245977002231,-13.6080553610013,"Bedford"
"days_since_lockdown1",0.138775510204081,0.0375920361624705,3.6916199379119,0.00144514537033975,0.0603598968608711,0.217191123547291,"Bedford"
"(Intercept)2",-21.9265306122449,0.733113947469979,-29.908762052495,4.4530846747192e-18,-23.4557795093481,-20.3972817151417,"Blackburn with Darwen"
"dayFriday2",-9.67755102040816,0.870519527770578,-11.1169832630781,5.1828138816423e-10,-11.4934229354687,-7.86167910534759,"Blackburn with Darwen"
"dayMonday2",-8.91122448979592,0.869002501591203,-10.254544116362,2.06975073148851e-09,-10.7239319436978,-7.09851703589407,"Blackburn with Darwen"
"daySaturday2",-1.33877551020408,0.869002501591203,-1.54058878743466,0.139090508970103,-3.15148296410593,0.473931943697765,"Blackburn with Darwen"
"dayThursday2",-9.76632653061223,0.873042046902753,-11.1865477330213,4.6510677404134e-10,-11.5874603283775,-7.94519273284692,"Blackburn with Darwen"
"dayTuesday2",-9.32244897959183,0.870519527770578,-10.7090635904135,9.87780836449563e-10,-11.1383208946524,-7.50657706453126,"Blackburn with Darwen"
"dayWednesday2",-7.98367346938775,0.873042046902752,-9.1446608988777,1.3919199425127e-08,-9.80480726715306,-6.16253967162244,"Blackburn with Darwen"
"days_since_lockdown2",0.161224489795918,0.0296586157136082,5.43600859031137,2.54420421472949e-05,0.0993577015208261,0.22309127807101,"Blackburn with Darwen"
"(Intercept)3",-34.0306122448979,0.920548430417813,-36.9677586973369,6.91202768538685e-20,-35.9508426221875,-32.1103818676084,"Blackpool"
"dayFriday3",-0.301020408163268,1.09308435298877,-0.27538625664177,0.785844569583212,-2.58115441327609,1.97911359694956,"Blackpool"
"dayMonday3",-0.724489795918367,1.09117947029877,-0.663951087459514,0.51430361397868,-3.00065028536854,1.5516706935318,"Blackpool"
"daySaturday3",0.224489795918367,1.09117947029877,0.205731322874778,0.839080453158079,-2.0516706935318,2.50065028536854,"Blackpool"
"dayThursday3",-0.0765306122448681,1.09625180197243,-0.0698111620953969,0.945037275117886,-2.36327180015869,2.21021057566895,"Blackpool"
"dayTuesday3",0.801020408163267,1.09308435298877,0.732807496487418,0.472177925040747,-1.47911359694956,3.08115441327609,"Blackpool"
"dayWednesday3",1.0765306122449,1.09625180197243,0.982010346808969,0.337825766316646,-1.21021057566892,3.36327180015872,"Blackpool"
"days_since_lockdown3",0.224489795918367,0.037241403246724,6.02796286786305,6.81282473456646e-06,0.146805590020812,0.302174001815921,"Blackpool"
"(Intercept)4",-19.5683673469388,1.04143279062682,-18.7898513692477,3.54309101336329e-14,-21.7407580809704,-17.3959766129071,"Borough of Halton"
"dayFriday4",-15.480612244898,1.23662574451071,-12.5184295358682,6.41587105050529e-11,-18.0601683458952,-12.9010561439007,"Borough of Halton"
"dayMonday4",-15.134693877551,1.23447071688794,-12.2600671449746,9.29931163542998e-11,-17.7097546696993,-12.5596330854027,"Borough of Halton"
"daySaturday4",-3.36530612244898,1.23447071688794,-2.7261125569125,0.0130116929538989,-5.9403669145973,-0.790245330300655,"Borough of Halton"
"dayThursday4",-14.3459183673469,1.24020913580793,-11.567338082864,2.59408604040206e-10,-16.9329492916075,-11.7588874430864,"Borough of Halton"
"dayTuesday4",-15.019387755102,1.23662574451071,-12.1454593855675,1.09850888916693e-10,-17.5989438560993,-12.4398316541048,"Borough of Halton"
"dayWednesday4",-13.4040816326531,1.24020913580793,-10.8079204108757,8.43489944323298e-10,-15.9911125569136,-10.8170507083925,"Borough of Halton"
"days_since_lockdown4",0.13469387755102,0.0421318609956144,3.1969600764856,0.00452751596815373,0.0468083555488819,0.222579399553158,"Borough of Halton"
"(Intercept)5",-35.7887755102041,1.22241184230326,-29.2771832468271,6.76225861327706e-18,-38.3386819307536,-33.2388690896545,"Bracknell Forest"
"dayFriday5",-10.4479591836735,1.45152521429361,-7.19791780451985,5.72788678200479e-07,-13.4757877234747,-7.42013064387225,"Bracknell Forest"
"dayMonday5",-12.6510204081633,1.44899568832681,-8.73088892539891,2.94314363572568e-08,-15.6735724492588,-9.62846836706772,"Bracknell Forest"
"daySaturday5",7.65102040816327,1.44899568832681,5.28022303296024,3.62140339194483e-05,4.62846836706771,10.6735724492588,"Bracknell Forest"
"dayThursday5",-10.7969387755102,1.45573132341246,-7.41684856392355,3.67739177486936e-07,-13.8335411051886,-7.76033644583186,"Bracknell Forest"
"dayTuesday5",-12.3020408163265,1.45152521429361,-8.4752512014153,4.72552593367433e-08,-15.3298693561278,-9.2742122765253,"Bracknell Forest"
"dayWednesday5",-10.2030612244898,1.45573132341246,-7.00889034974686,8.44145454829754e-07,-13.2396635541681,-7.16645889481145,"Bracknell Forest"
"days_since_lockdown5",0.151020408163265,0.0494534897334236,3.05378667870221,0.00626746723073635,0.0478622362396059,0.254178580086924,"Bracknell Forest"
"(Intercept)6",-41.0030612244898,1.4367741181975,-28.538279403258,1.11472140297299e-17,-44.0001195170274,-38.0060029319522,"Brighton and Hove"
"dayFriday6",-8.05510204081632,1.70606483644549,-4.72145130052548,0.000130752842940097,-11.6138909283072,-4.49631315332543,"Brighton and Hove"
"dayMonday6",-9.72244897959184,1.70309173252531,-5.70870540553653,1.3797627700098e-05,-13.2750360809803,-6.16986187820334,"Brighton and Hove"
"daySaturday6",0.72244897959184,1.70309173252531,0.424198512502087,0.675948971344068,-2.83013812179666,4.27503608098034,"Brighton and Hove"
"dayThursday6",-8.3326530612245,1.71100852932471,-4.87002426838467,9.27209876302657e-05,-11.901754311356,-4.76355181109303,"Brighton and Hove"
"dayTuesday6",-8.94489795918367,1.70606483644549,-5.24300001271932,3.94152154763383e-05,-12.5036868466746,-5.38610907169277,"Brighton and Hove"
"dayWednesday6",-6.91734693877551,1.71100852932471,-4.04284772414642,0.000636451051659444,-10.486448188907,-3.34824568864405,"Brighton and Hove"
"days_since_lockdown6",0.222448979591837,0.0581256591638135,3.82703581846559,0.00105388546654389,0.101200979227888,0.343696979955786,"Brighton and Hove"
"(Intercept)7",-33.284693877551,0.761379860491258,-43.7162783056476,2.51348349490365e-21,-34.8729044360201,-31.6964833190819,"Bristol City"
"dayFriday7",-17.6244897959184,0.904083245034729,-19.4943218920525,1.75991761385707e-14,-19.5103743983463,-15.7386051934904,"Bristol City"
"dayMonday7",-19.1877551020408,0.90250772845262,-21.2604884114831,3.35222905502086e-15,-21.0703532344679,-17.3051569696137,"Bristol City"
"daySaturday7",-0.0622448979591828,0.90250772845262,-0.0689688254148291,0.945699341645741,-1.94484303038629,1.82035323446793,"Bristol City"
"dayThursday7",-17.6867346938775,0.90670302231706,-19.5066457909002,1.73886113919893e-14,-19.5780840559564,-15.7953853317987,"Bristol City"
"dayTuesday7",-18.6255102040816,0.904083245034729,-20.6015433936796,6.12915444532528e-15,-20.5113948065096,-16.7396256016537,"Bristol City"
"dayWednesday7",-17.5632653061224,0.906703022317059,-19.3704717794366,1.98697550220726e-14,-19.4546146682013,-15.6719159440436,"Bristol City"
"days_since_lockdown7",0.187755102040816,0.0308021321546547,6.09552290400271,5.87693385231115e-06,0.123502980268354,0.252007223813278,"Bristol City"
"(Intercept)8",-31.1510204081633,0.79233547306316,-39.3154433534747,2.04992664690124e-20,-32.8038032429451,-29.4982375733814,"Buckinghamshire"
"dayFriday8",-11.4683673469388,0.940840785020073,-12.1894878809852,1.03025732624191e-10,-13.4309268341876,-9.50580785968998,"Buckinghamshire"
"dayMonday8",-12.8908163265306,0.939201212263842,-13.7252977937057,1.22319528109093e-11,-14.8499557249408,-10.9316769281205,"Buckinghamshire"
"daySaturday8",2.64081632653061,0.939201212263842,2.81176843901768,0.0107728679580802,0.681676928120448,4.59995572494078,"Buckinghamshire"
"dayThursday8",-11.3275510204082,0.943567075246579,-12.0050299735691,1.34952441182112e-10,-13.2957974494161,-9.35930459140023,"Buckinghamshire"
"dayTuesday8",-12.5316326530612,0.940840785020073,-13.3196103449043,2.10648166380854e-11,-14.49419214031,-10.5690731658124,"Buckinghamshire"
"dayWednesday8",-10.4224489795918,0.943567075246579,-11.0457955274331,5.79295531990734e-10,-12.3906954085998,-8.45420255058391,"Buckinghamshire"
"days_since_lockdown8",0.140816326530612,0.0320544621923218,4.39303350921116,0.000280745193195281,0.073951890075663,0.207680762985561,"Buckinghamshire"
"(Intercept)9",-28.5744897959184,0.826910217690904,-34.555734328342,2.61237306404673e-19,-30.2993942841922,-26.8495853076445,"Cambridgeshire"
"dayFriday9",-15.0908163265306,0.981895781272705,-15.3690611716147,1.53589970630641e-12,-17.13901503529,-13.0426176177712,"Cambridgeshire"
"dayMonday9",-15.3295918367347,0.980184663304537,-15.6394936695433,1.11165193865195e-12,-17.3742212159586,-13.2849624575108,"Cambridgeshire"
"daySaturday9",1.0795918367347,0.980184663304537,1.10141678109411,0.283794596146075,-0.965037542489167,3.12422121595856,"Cambridgeshire"
"dayThursday9",-12.7612244897959,0.984741037254963,-12.958964851682,3.45412070297374e-11,-14.8153582985324,-10.7070906810594,"Cambridgeshire"
"dayTuesday9",-14.6591836734694,0.981895781272705,-14.9294700650089,2.62496190628965e-12,-16.7073823822288,-12.61098496471,"Cambridgeshire"
"dayWednesday9",-11.9887755102041,0.984741037254963,-12.1745464610916,1.05290880124242e-10,-14.0429093189406,-9.93464170146755,"Cambridgeshire"
"days_since_lockdown9",0.0795918367346936,0.0334532066410521,2.37919902832341,0.0274219704236396,0.00980967048762718,0.14937400298176,"Cambridgeshire"
"(Intercept)10",-23.1510204081633,0.982980321456053,-23.5518655896086,4.66596909243298e-16,-25.2014814281022,-21.1005593882243,"Central Bedfordshire"
"dayFriday10",-14.2183673469388,1.16721768586559,-12.1814187011694,1.04242648089845e-10,-16.6531407746566,-11.7835939192209,"Central Bedfordshire"
"dayMonday10",-15.3908163265306,1.16518361341804,-13.2089193061873,2.44893278350355e-11,-17.8213467534738,-12.9602858995874,"Central Bedfordshire"
"daySaturday10",0.890816326530617,1.16518361341804,0.764528711416929,0.453478982811076,-1.53971410041258,3.32134675347381,"Central Bedfordshire"
"dayThursday10",-14.5775510204082,1.17059995225948,-12.4530596402902,7.04357416891393e-11,-17.0193797321926,-12.1357223086237,"Central Bedfordshire"
"dayTuesday10",-15.0316326530612,1.16721768586559,-12.8781741701541,3.86461694666592e-11,-17.4664060807791,-12.5968592253433,"Central Bedfordshire"
"dayWednesday10",-13.1724489795918,1.17059995225948,-11.2527332280908,4.19781479319282e-10,-15.6142776913763,-10.7306202678074,"Central Bedfordshire"
"days_since_lockdown10",0.140816326530612,0.0397671272095093,3.54102336305901,0.0020506504203172,0.0578635527688039,0.22376910029242,"Central Bedfordshire"
"(Intercept)11",-29.7,0.933314417412093,-31.8220735112531,1.32022704687896e-18,-31.6468597595279,-27.7531402404721,"Cheshire East"
"dayFriday11",-12.35,1.10824303467548,-11.1437650529574,4.97096138768174e-10,-14.66175446102,-10.03824553898,"Cheshire East"
"dayMonday11",-13.2,1.106311735442,-11.9315375378589,1.50409909980395e-10,-15.5077258414133,-10.8922741585867,"Cheshire East"
"daySaturday11",-1.3,1.106311735442,-1.17507566660731,0.25376512658562,-3.60772584141327,1.00772584141327,"Cheshire East"
"dayThursday11",-11.9,1.11145440922698,-10.7066919715371,9.91542796761147e-10,-14.2184532709499,-9.58154672905004,"Cheshire East"
"dayTuesday11",-12.4,1.10824303467548,-11.1888815106616,4.63424721743654e-10,-14.71175446102,-10.08824553898,"Cheshire East"
"dayWednesday11",-10.85,1.11145440922698,-9.76198385640147,4.73648402833418e-09,-13.16845327095,-8.53154672905005,"Cheshire East"
"days_since_lockdown11",0.2,0.0377578597999991,5.29691039321048,3.48661188365834e-05,0.121238484610212,0.278761515389787,"Cheshire East"
"(Intercept)12",-33.115306122449,0.927022030966658,-35.7222428553481,1.35847964506891e-19,-35.0490401938556,-31.1815720510424,"Cheshire West and Chester"
"dayFriday12",-8.82551020408163,1.10077128312044,-8.01756944372977,1.12679869012655e-07,-11.1216788644708,-6.52934154369246,"Cheshire West and Chester"
"dayMonday12",-8.21224489795918,1.09885300466633,-7.47346993918702,3.28263579024447e-07,-10.5044120996114,-5.92007769630694,"Cheshire West and Chester"
"daySaturday12",-1.28775510204081,1.09885300466633,-1.17190843231287,0.255005493247883,-3.57992230369305,1.00441209961142,"Cheshire West and Chester"
"dayThursday12",-8.36326530612244,1.10396100665132,-7.57568904674543,2.6771015603404e-07,-10.6660876132039,-6.06044299904096,"Cheshire West and Chester"
"dayTuesday12",-8.42448979591836,1.10077128312044,-7.6532608772613,2.29544970918126e-07,-10.7206584563075,-6.12832113552919,"Cheshire West and Chester"
"dayWednesday12",-6.63673469387755,1.10396100665132,-6.01174738409375,7.05938113247803e-06,-8.93955700095902,-4.33391238679607,"Cheshire West and Chester"
"days_since_lockdown12",0.212244897959183,0.0375032970923181,5.65936636015552,1.54036983311778e-05,0.134014391072656,0.290475404845711,"Cheshire West and Chester"
"(Intercept)13",-34.8357142857143,1.30702185232267,-26.6527405213682,4.23012076921674e-17,-37.5621140944371,-32.1093144769915,"Cornwall"
"dayFriday13",-1.04285714285714,1.5519934514905,-0.671946870559025,0.509305956321945,-4.28025875306232,2.19454446734803,"Cornwall"
"dayMonday13",1.27142857142857,1.54928884278154,0.820653022418914,0.42151814442265,-1.96033132387055,4.50318846672769,"Cornwall"
"daySaturday13",1.22857142857143,1.54928884278154,0.792990560989062,0.437090081912936,-2.00318846672769,4.46033132387055,"Cornwall"
"dayThursday13",2.93571428571431,1.55649068911643,1.88611104855425,0.0738874725915919,-0.31106839779222,6.18249696922084,"Cornwall"
"dayTuesday13",-1.95714285714286,1.5519934514905,-1.26105097625461,0.221802792021793,-5.19454446734803,1.28025875306232,"Cornwall"
"dayWednesday13",3.81428571428571,1.55649068911643,2.45056763972739,0.0235888691822011,0.567503030779187,7.06106839779224,"Cornwall"
"days_since_lockdown13",0.228571428571428,0.052876444352348,4.32274581566637,0.000330811944717559,0.118273098431043,0.338869758711813,"Cornwall"
"(Intercept)14",-27.7316326530612,0.923584275185237,-30.0260987526008,4.12438147392679e-18,-29.6581956915671,-25.8050696145552,"County Durham"
"dayFriday14",-6.91938775510205,1.09668919799607,-6.30934248987363,3.69542290715049e-06,-9.20704133513317,-4.63173417507093,"County Durham"
"dayMonday14",-7.41530612244898,1.09477803325947,-6.773342081382,1.37784826036213e-06,-9.69897308269785,-5.13163916220012,"County Durham"
"daySaturday14",1.41530612244898,1.09477803325947,1.29277906520942,0.210823253363075,-0.868360837799886,3.69897308269784,"County Durham"
"dayThursday14",-6.25408163265303,1.09986709279997,-5.68621579242979,1.4507320078501e-05,-8.54836418508433,-3.95979908022172,"County Durham"
"dayTuesday14",-7.58061224489796,1.09668919799607,-6.91227036680005,1.03112209086613e-06,-9.86826582492908,-5.29295866486684,"County Durham"
"dayWednesday14",-3.99591836734694,1.09986709279997,-3.6330920285781,0.00165596940882778,-6.29020091977825,-1.70163581491563,"County Durham"
"days_since_lockdown14",0.165306122448979,0.0373642203799049,4.42418229975656,0.000261065796179378,0.0873657245009106,0.243246520397046,"County Durham"
"(Intercept)15",-33.3969387755102,1.18767322110642,-28.1196360935023,1.48781288645579e-17,-35.8743817020347,-30.9194958489857,"Cumbria"
"dayFriday15",-3.14489795918367,1.4102756265262,-2.2299881668736,0.037367574697332,-6.08668136668729,-0.203114551680058,"Cumbria"
"dayMonday15",-1.67755102040816,1.40781798487966,-1.19159652627364,0.247368389881094,-4.61420787727062,1.25910583645429,"Cumbria"
"daySaturday15",-2.32244897959184,1.40781798487966,-1.64967986240804,0.114626891158695,-5.25910583645429,0.61420787727062,"Cumbria"
"dayThursday15",0.282653061224517,1.41436220601818,0.199844891232116,0.843619853687731,-2.66765480172371,3.23296092417274,"Cumbria"
"dayTuesday15",-1.60510204081633,1.4102756265262,-1.13814775681122,0.268509739400365,-4.54688544831994,1.33668136668729,"Cumbria"
"dayWednesday15",-0.782653061224488,1.41436220601817,-0.553361124819557,0.58614956470582,-3.73296092417271,2.16765480172374,"Cumbria"
"days_since_lockdown15",0.177551020408163,0.0480481155483417,3.69527542093772,0.00143289706889073,0.0773244076643151,0.27777763315201,"Cumbria"
"(Intercept)16",-23.4897959183673,0.903105614036435,-26.0100209247727,6.80299100431286e-17,-25.3736412182679,-21.6059506184667,"Darlington"
"dayFriday16",-13.5663265306122,1.07237227633041,-12.6507620814624,5.31740116988847e-11,-15.8032559008988,-11.3293971603257,"Darlington"
"dayMonday16",-12.0918367346939,1.07050348790542,-11.2954669193588,3.92984264342081e-10,-14.3248678806352,-9.85880558875256,"Darlington"
"daySaturday16",-5.90816326530612,1.07050348790542,-5.51905092515507,2.10988419136198e-05,-8.14119441124744,-3.67513211936481,"Darlington"
"dayThursday16",-11.4744897959184,1.07547970757987,-10.669182984158,1.05306742629725e-09,-13.7179011542061,-9.23107843763056,"Darlington"
"dayTuesday16",-11.9336734693878,1.07237227633041,-11.1282935346147,5.09222045146077e-10,-14.1706028396743,-9.69674409910122,"Darlington"
"dayWednesday16",-11.0255102040816,1.07547970757987,-10.2517138411585,2.07945548432408e-09,-13.2689215623694,-8.78209884579384,"Darlington"
"days_since_lockdown16",0.0918367346938771,0.0365357424285065,2.51361348065074,0.0206246599513636,0.0156245114692919,0.168048957918462,"Darlington"
"(Intercept)17",-28.7295918367347,0.732766746907067,-39.2070081755201,2.1648832708496e-20,-30.2581164861547,-27.2010671873146,"Derby"
"dayFriday17",-11.8826530612245,0.870107252337665,-13.6565383512206,1.33999283945027e-11,-13.6976649848018,-10.0676411376472,"Derby"
"dayMonday17",-12.1836734693878,0.868590944617331,-14.0269404659237,8.2345845372949e-12,-13.9955224304856,-10.3718245082899,"Derby"
"daySaturday17",-0.56632653061224,0.868590944617331,-0.652006026682378,0.521820578627516,-2.37817549171012,1.24552243048564,"Derby"
"dayThursday17",-10.9489795918367,0.872628576812358,-12.5471247249688,6.15904642906326e-11,-12.7692509061069,-9.1287082775665,"Derby"
"dayTuesday17",-11.1173469387755,0.870107252337666,-12.7769845716229,4.45177826703067e-11,-12.9323588623528,-9.3023350151982,"Derby"
"dayWednesday17",-10.0510204081633,0.872628576812358,-11.5180967885315,2.79524233744314e-10,-11.8712917224335,-8.23074909389304,"Derby"
"days_since_lockdown17",0.183673469387755,0.0296445694823143,6.19585551739358,4.72383955632107e-06,0.121835981037714,0.245510957737795,"Derby"
"(Intercept)18",-29.6744897959183,0.739335676682454,-40.1366939697455,1.36243392258441e-20,-31.2167169927375,-28.1322625990992,"Derbyshire"
"dayFriday18",-8.39081632653061,0.87790737899705,-9.55774666812409,6.73190118176607e-09,-10.2220990292034,-6.55953362385778,"Derbyshire"
"dayMonday18",-7.42959183673469,0.876377478248682,-8.47761611991866,4.70468977912387e-08,-9.25768322236848,-5.60150045110091,"Derbyshire"
"daySaturday18",-0.320408163265304,0.876377478248682,-0.365605200062414,0.718497999604867,-2.14849954889909,1.50768322236848,"Derbyshire"
"dayThursday18",-6.46122448979589,0.88045130603045,-7.33853700430815,4.30584651303332e-07,-8.2978137312729,-4.62463524831888,"Derbyshire"
"dayTuesday18",-7.10918367346938,0.877907378997051,-8.09787438122589,9.65520784736831e-08,-8.94046637614221,-5.27790097079655,"Derbyshire"
"dayWednesday18",-7.03877551020408,0.880451306030449,-7.99450856849618,1.17809276694522e-07,-8.87536475168108,-5.20218626872707,"Derbyshire"
"days_since_lockdown18",0.179591836734693,0.0299103199356105,6.00434355504422,7.17498053488208e-06,0.117200002652982,0.241983670816404,"Derbyshire"
"(Intercept)19",-35.3397959183673,1.25831544836613,-28.0850052061704,1.5240516309904e-17,-37.964595948789,-32.7149958879456,"Devon"
"dayFriday19",-0.366326530612247,1.49415813691494,-0.245172529976391,0.808820961717268,-3.48308578865168,2.75043272742719,"Devon"
"dayMonday19",-1.94183673469388,1.49155431593504,-1.30188804654865,0.207750480037881,-5.05316451734601,1.16949104795825,"Devon"
"daySaturday19",0.191836734693877,1.49155431593504,0.128615319364764,0.898946608864273,-2.91949104795825,3.303164517346,"Devon"
"dayThursday19",-1.92448979591834,1.49848778417342,-1.28428794431575,0.213719354722288,-5.05028053987852,1.20130094804183,"Devon"
"dayTuesday19",-0.133673469387753,1.49415813691494,-0.0894640708270379,0.929602959389872,-3.25043272742719,2.98308578865168,"Devon"
"dayWednesday19",-0.575510204081631,1.49848778417342,-0.38406065779114,0.704986284659264,-3.7013009480418,2.55028053987854,"Devon"
"days_since_lockdown19",0.191836734693877,0.0509059941614544,3.76845080533039,0.00120825090990143,0.0856486916263535,0.2980247777614,"Devon"
"(Intercept)20",-35.7530612244898,1.12370653116369,-31.8170805570246,1.32429995728201e-18,-38.0970719739512,-33.4090504750284,"Dorset"
"dayFriday20",-4.80510204081633,1.33431983150394,-3.60116212572543,0.00178352099141423,-7.58844443629549,-2.02175964533716,"Dorset"
"dayMonday20",-5.72244897959184,1.33199455556069,-4.29615042771929,0.000352016302246878,-8.50094093444858,-2.94395702473509,"Dorset"
"daySaturday20",-1.02755102040816,1.33199455556069,-0.771437853194245,0.449466571733039,-3.80604297526491,1.75094093444858,"Dorset"
"dayThursday20",-2.83265306122447,1.33818631260635,-2.11678525967537,0.0470098482133682,-5.62406079495282,-0.0412453274961218,"Dorset"
"dayTuesday20",-4.44489795918367,1.33431983150394,-3.33120879585049,0.00332898887086285,-7.22824035466284,-1.66155556370451,"Dorset"
"dayWednesday20",-3.66734693877551,1.33818631260635,-2.74053538302354,0.0126059955690171,-6.45875467250385,-0.875939205047161,"Dorset"
"days_since_lockdown20",0.222448979591836,0.0454603002680158,4.89325803570073,8.7880847945724e-05,0.127620454931025,0.317277504252648,"Dorset"
"(Intercept)21",-27.7061224489796,1.18058128828941,-23.4682039464848,4.99828025935321e-16,-30.1687718628773,-25.2434730350818,"East Riding of Yorkshire"
"dayFriday21",-6.46020408163265,1.40185447176826,-4.6083271921114,0.000170021575790856,-9.38442126812745,-3.53598689513786,"East Riding of Yorkshire"
"dayMonday21",-6.39489795918367,1.39941150539531,-4.56970514714844,0.000185999388552518,-9.31401920712158,-3.47577671124577,"East Riding of Yorkshire"
"daySaturday21",-0.105102040816325,1.39941150539531,-0.0751044567027735,0.940877764137815,-3.02422328875423,2.81401920712158,"East Riding of Yorkshire"
"dayThursday21",-6.06530612244895,1.40591664913793,-4.31412923815081,0.000337537536416757,-8.99799686245317,-3.13261538244472,"East Riding of Yorkshire"
"dayTuesday21",-6.78979591836734,1.40185447176826,-4.8434384988642,9.85919896710517e-05,-9.71401310486214,-3.86557873187255,"East Riding of Yorkshire"
"dayWednesday21",-5.18469387755102,1.40591664913793,-3.68776760751083,0.00145816543512499,-8.11738461755524,-2.25200313754679,"East Riding of Yorkshire"
"days_since_lockdown21",0.144897959183673,0.0477612066567398,3.03380021834572,0.00655685994739296,0.0452698279004022,0.244526090466943,"East Riding of Yorkshire"
"(Intercept)22",-35.4306122448979,0.986855932445861,-35.9025173584207,1.23018488368754e-19,-37.4891576476975,-33.3720668420984,"East Sussex"
"dayFriday22",-2.25102040816327,1.17181969222533,-1.92096140993202,0.0691068954034554,-4.69539345293163,0.193352636605099,"East Sussex"
"dayMonday22",-1.87448979591837,1.16977760001039,-1.60243262984496,0.124736822409167,-4.31460311097042,0.565623519133686,"East Sussex"
"daySaturday22",3.37448979591837,1.16977760001039,2.88472765753799,0.00916086035643574,0.934376480866313,5.81460311097042,"East Sussex"
"dayThursday22",-2.37653061224487,1.17521529393074,-2.0222087174309,0.0567350646803523,-4.82798675805221,0.0749255335624706,"East Sussex"
"dayTuesday22",-2.24897959183673,1.17181969222533,-1.91921983113788,0.0693391502197668,-4.6933526366051,0.195393452931634,"East Sussex"
"dayWednesday22",-1.6234693877551,1.17521529393074,-1.3814229581076,0.18238844844546,-4.07492553356244,0.827986758052242,"East Sussex"
"days_since_lockdown22",0.124489795918367,0.0399239176476108,3.11817585180839,0.00541680824462279,0.0412099630337979,0.207769628802935,"East Sussex"
"(Intercept)23",-29.6295918367347,0.912496426995455,-32.4709127183051,8.88190882916636e-19,-31.5330260292079,-27.7261576442615,"Essex"
"dayFriday23",-9.08265306122449,1.0835231841677,-8.38251843055972,5.62280154804835e-08,-11.3428428176634,-6.82246330478555,"Essex"
"dayMonday23",-10.8336734693878,1.08163496341687,-10.0160163417465,3.07975475701616e-09,-13.0899244663601,-8.57742247241543,"Essex"
"daySaturday23",0.833673469387755,1.08163496341687,0.770753070660914,0.449863282126329,-1.42257752758458,3.08992446636009,"Essex"
"dayThursday23",-9.24897959183672,1.08666292759105,-8.51136019919272,4.41755104786225e-08,-11.5157187382906,-6.98224044538287,"Essex"
"dayTuesday23",-9.41734693877551,1.0835231841677,-8.69141249248799,3.1646729768223e-08,-11.6775366952144,-7.15715718233657,"Essex"
"dayWednesday23",-7.50102040816326,1.08666292759105,-6.90280326834353,1.05160656579629e-06,-9.76775955461711,-5.23428126170942,"Essex"
"days_since_lockdown23",0.0836734693877546,0.0369156540558206,2.26661213319507,0.0346586096945844,0.00666876439540107,0.160678174380108,"Essex"
"(Intercept)24",-29.8142857142857,1.05176652731885,-28.3468668567424,1.27137730332049e-17,-32.0082322453306,-27.6203391832408,"Gloucestershire"
"dayFriday24",-6.90714285714286,1.24889630574652,-5.53059755670762,2.05579639071623e-05,-9.51229490035547,-4.30199081393025,"Gloucestershire"
"dayMonday24",-8.42142857142857,1.2467198946142,-6.75486820079552,1.43227277903816e-06,-11.0220407005729,-5.82081644228421,"Gloucestershire"
"daySaturday24",0.171428571428573,1.2467198946142,0.137503678387696,0.892007578979944,-2.42918355771579,2.77204070057294,"Gloucestershire"
"dayThursday24",-7.48571428571426,1.25251525365618,-5.97654540642353,7.62660966124779e-06,-10.098415321984,-4.87301324944453,"Gloucestershire"
"dayTuesday24",-6.34285714285714,1.24889630574652,-5.07877004173357,5.736235758019e-05,-8.94800918606975,-3.73770509964453,"Gloucestershire"
"dayWednesday24",-7.51428571428571,1.25251525365618,-5.9993566484328,7.25393561844138e-06,-10.1269867505554,-4.90158467801598,"Gloucestershire"
"days_since_lockdown24",0.171428571428571,0.0425499192340264,4.02888124148265,0.000657580951439037,0.0826709952222769,0.260186147634865,"Gloucestershire"
"(Intercept)25",-35.7908163265306,0.925373502043394,-38.6771571127744,2.83236383996616e-20,-37.7211116268615,-33.8605210261997,"Greater London"
"dayFriday25",-14.734693877551,1.09881377484393,-13.4096370239296,1.86497970348841e-11,-17.0267792472277,-12.4426085078744,"Greater London"
"dayMonday25",-16.3826530612245,1.09689890767608,-14.9354265434845,2.60573691975019e-12,-18.6707440879827,-14.0945620344663,"Greater London"
"daySaturday25",1.63265306122449,1.09689890767608,1.48842618932265,0.152237665256207,-0.655437965533672,3.92074408798265,"Greater London"
"dayThursday25",-16.1020408163265,1.10199782607003,-14.6116811080744,3.89959535414628e-12,-18.400768000475,-13.803313632178,"Greater London"
"dayTuesday25",-16.515306122449,1.09881377484393,-15.030122938525,2.31910709300492e-12,-18.8073914921256,-14.2232207527723,"Greater London"
"dayWednesday25",-14.1479591836735,1.10199782607003,-12.838463787291,4.08476203055707e-11,-16.446686367822,-11.8492319995249,"Greater London"
"days_since_lockdown25",0.132653061224489,0.0374366047507025,3.54340523420463,0.00203935655189048,0.0545616721247842,0.210744450324194,"Greater London"
"(Intercept)26",-28.3989795918367,0.604928391644067,-46.9460187091803,6.12170979943161e-22,-29.6608381050196,-27.1371210786539,"Greater Manchester"
"dayFriday26",-13.4316326530612,0.718308497125644,-18.6989750320492,3.88443455435199e-14,-14.9299979219258,-11.9332673841967,"Greater Manchester"
"dayMonday26",-13.1591836734694,0.717056724178289,-18.3516634455233,5.5413051730308e-14,-14.6549377897215,-11.6634295572173,"Greater Manchester"
"daySaturday26",-1.59081632653061,0.717056724178289,-2.21853623693942,0.0382536270347832,-3.08657044278272,-0.0950622102784995,"Greater Manchester"
"dayThursday26",-12.7724489795918,0.720389951784615,-17.729909957726,1.06275994168077e-13,-14.2751560867922,-11.2697418723915,"Greater Manchester"
"dayTuesday26",-13.3183673469388,0.718308497125644,-18.5412916598273,4.5609347045488e-14,-14.8167326158033,-11.8200020780742,"Greater Manchester"
"dayWednesday26",-11.9775510204082,0.720389951784614,-16.6264826303258,3.55370880479877e-13,-13.4802581276085,-10.4748439132078,"Greater Manchester"
"days_since_lockdown26",0.159183673469387,0.0244727832064021,6.50451859630517,2.43192751136262e-06,0.108134342247971,0.210233004690804,"Greater Manchester"
"(Intercept)27",-30.4795918367347,1.00004789556271,-30.4781320694487,3.0776556109333e-18,-32.5656551923936,-28.3935284810757,"Hampshire"
"dayFriday27",-9.6326530612245,1.18748418959641,-8.11181584194256,9.40054606732864e-08,-12.1097016749287,-7.15560444752025,"Hampshire"
"dayMonday27",-10.9336734693878,1.18541479936938,-9.22350005686138,1.20977612051752e-08,-13.4064054107203,-8.46094152805524,"Hampshire"
"daySaturday27",1.68367346938775,1.18541479936938,1.42032432046862,0.170915543165185,-0.789058471944763,4.15640541072027,"Hampshire"
"dayThursday27",-9.19897959183672,1.19092518258032,-7.72422963792381,1.99555720577449e-07,-11.6832059911277,-6.71475319254575,"Hampshire"
"dayTuesday27",-11.1173469387755,1.18748418959641,-9.36210101673348,9.47172669543372e-09,-13.5943955524797,-8.64029832507126,"Hampshire"
"dayWednesday27",-8.30102040816327,1.19092518258032,-6.97022829778262,9.14369772160659e-07,-10.7852468074542,-5.8167940088723,"Hampshire"
"days_since_lockdown27",0.183673469387755,0.0404576073502022,4.53989945074784,0.000199359166308441,0.099280379291398,0.268066559484111,"Hampshire"
"(Intercept)28",-22.2867346938775,0.985694849176697,-22.6101766814472,1.02593004465036e-15,-24.3428581194184,-20.2306112683367,"Hartlepool"
"dayFriday28",-8.66122448979592,1.1704409902341,-7.39996681768947,3.80434779657959e-07,-11.1027216126059,-6.21972736698593,"Hartlepool"
"dayMonday28",-8.16938775510204,1.16840130063845,-6.99193654666254,8.7422851488211e-07,-10.6066301599717,-5.73214535023234,"Hartlepool"
"daySaturday28",-3.08061224489796,1.16840130063845,-2.63660460084614,0.0158204574575245,-5.51785464976766,-0.643369840028253,"Hartlepool"
"dayThursday28",-9.99183673469385,1.17383259685148,-8.51214795150052,4.4110692153577e-08,-12.4404086249352,-7.5432648444525,"Hartlepool"
"dayTuesday28",-9.33877551020408,1.1704409902341,-7.97885206355961,1.21429068864253e-07,-11.7802726330141,-6.89727838739409,"Hartlepool"
"dayWednesday28",-7.50816326530612,1.17383259685148,-6.3962811097979,3.06520157649915e-06,-9.95673515554747,-5.05959137506477,"Hartlepool"
"days_since_lockdown28",0.16938775510204,0.0398769452463756,4.24776155885299,0.00039415903219764,0.0862059049294781,0.252569605274602,"Hartlepool"
"(Intercept)29",-28.7571428571428,1.10544108843484,-26.0141794601277,6.7818682482329e-17,-31.0630525607237,-26.451233153562,"Herefordshire"
"dayFriday29",-0.628571428571429,1.31263094584883,-0.478863789216056,0.637229296444579,-3.36667160136212,2.10952874421926,"Herefordshire"
"dayMonday29",0.314285714285714,1.31034346642398,0.239849873211809,0.812887753516241,-2.41904286003835,3.04761428860978,"Herefordshire"
"daySaturday29",1.68571428571429,1.31034346642398,1.28646750177243,0.212973032237773,-1.04761428860978,4.41904286003835,"Herefordshire"
"dayThursday29",0.807142857142869,1.31643457870112,0.613127967163584,0.546701670751687,-1.93889155474452,3.55317726903025,"Herefordshire"
"dayTuesday29",1.62857142857143,1.31263094584883,1.24069254478705,0.229076838405488,-1.10952874421926,4.36667160136212,"Herefordshire"
"dayWednesday29",1.69285714285714,1.31643457870112,1.28594095767936,0.213153145329943,-1.05317726903024,4.43889155474453,"Herefordshire"
"days_since_lockdown29",0.185714285714285,0.0447213595499959,4.15269767249959,0.000492261818564895,0.0924271643809598,0.279001407047611,"Herefordshire"
"(Intercept)30",-31.0010204081632,1.64842610432126,-18.8064362284095,3.4842636049974e-14,-34.4395770072963,-27.5624638090302,"Isle of Wight"
"dayFriday30",-0.768367346938777,1.95738618648665,-0.392547649637773,0.698805883318841,-4.85140338413305,3.3146686902555,"Isle of Wight"
"dayMonday30",-0.490816326530612,1.95397511299166,-0.251188627361349,0.804231034355245,-4.5667369890984,3.58510433603718,"Isle of Wight"
"daySaturday30",-0.759183673469389,1.95397511299166,-0.388532928808408,0.701726839305269,-4.83510433603718,3.3167369890984,"Isle of Wight"
"dayThursday30",-0.277551020408141,1.96305813748482,-0.141387060886416,0.888978628824074,-4.37241854005929,3.817316499243,"Isle of Wight"
"dayTuesday30",0.768367346938776,1.95738618648665,0.392547649637772,0.698805883318841,-3.3146686902555,4.85140338413305,"Isle of Wight"
"dayWednesday30",2.27755102040816,1.96305813748482,1.16020558786216,0.259627966974911,-1.81731649924298,6.37241854005931,"Isle of Wight"
"days_since_lockdown30",0.240816326530612,0.0666881820064492,3.61107949392477,0.00174289815355667,0.101707216500545,0.379925436560678,"Isle of Wight"
"(Intercept)31",-24.2438775510204,0.755508164365103,-32.0894977639241,1.12019254410831e-18,-25.8198399659969,-22.6679151360438,"Kent"
"dayFriday31",-11.6397959183673,0.897111032656841,-12.9747550689411,3.37935752866767e-11,-13.5111367406284,-9.76845509610624,"Kent"
"dayMonday31",-11.0551020408163,0.895547666323369,-12.3445154920704,8.23139187163138e-11,-12.9231817380511,-9.18702234358153,"Kent"
"daySaturday31",0.805102040816328,0.895547666323369,0.89900523566952,0.37934652765847,-1.06297765641847,2.67318173805112,"Kent"
"dayThursday31",-11.834693877551,0.899710606441656,-13.1538894760362,2.64036673671098e-11,-13.7114573157057,-9.95793043939631,"Kent"
"dayTuesday31",-10.8602040816326,0.897111032656841,-12.1057524501394,1.1641103085362e-10,-12.7315449038938,-8.98886325937154,"Kent"
"dayWednesday31",-9.66530612244897,0.899710606441656,-10.742683317556,9.36022640473662e-10,-11.5420695606037,-7.78854268429428,"Kent"
"days_since_lockdown31",0.0551020408163259,0.0305645887555778,1.80280655031782,0.086508632433144,-0.00865457410852254,0.118858655741174,"Kent"
"(Intercept)32",-27.4479591836734,0.9667963213782,-28.3906326252312,1.23362887827615e-17,-29.4646609710195,-25.4312573963274,"Kingston upon Hull"
"dayFriday32",-7.56326530612245,1.14800036207325,-6.5882081190841,2.03559273189435e-06,-9.95795209885522,-5.16857851338968,"Kingston upon Hull"
"dayMonday32",-7.46836734693878,1.1459997790333,-6.51690121025909,2.36861417166857e-06,-9.85888099657701,-5.07785369730055,"Kingston upon Hull"
"daySaturday32",0.968367346938776,1.1459997790333,0.844997847866631,0.408107346103439,-1.42214630269945,3.358880996577,"Kingston upon Hull"
"dayThursday32",-6.84489795918364,1.15132694210355,-5.94522520829535,8.17052053062306e-06,-9.24652387626404,-4.44327204210325,"Kingston upon Hull"
"dayTuesday32",-7.93673469387755,1.14800036207325,-6.91352978281653,1.02842819558247e-06,-10.3314214866103,-5.54204790114478,"Kingston upon Hull"
"dayWednesday32",-6.90510204081632,1.15132694210355,-5.99751624694914,7.28329825839926e-06,-9.30672795789672,-4.50347612373593,"Kingston upon Hull"
"days_since_lockdown32",0.218367346938775,0.0391123926478841,5.583073091556,1.82726329858935e-05,0.136780325540178,0.299954368337371,"Kingston upon Hull"
"(Intercept)33",-26.7887755102041,0.698450417893589,-38.3545844112952,3.34172358037777e-20,-28.2457175516577,-25.3318334687505,"Lancashire"
"dayFriday33",-8.69795918367347,0.829359105844578,-10.4875669928479,1.41248614136695e-09,-10.4279719631224,-6.96794640422458,"Lancashire"
"dayMonday33",-7.15102040816326,0.827913808599045,-8.63739719508227,3.49618335112624e-08,-8.87801835038754,-5.42402246593899,"Lancashire"
"daySaturday33",0.901020408163271,0.827913808599045,1.08830218653791,0.289402928773683,-0.825977534061004,2.62801835038755,"Lancashire"
"dayThursday33",-8.04693877551018,0.831762353727246,-9.67456478337916,5.50230997002267e-09,-9.78196464219703,-6.31191290882332,"Lancashire"
"dayTuesday33",-7.80204081632652,0.829359105844578,-9.40731314257569,8.74946947675884e-09,-9.53205359577541,-6.07202803687763,"Lancashire"
"dayWednesday33",-6.45306122448979,0.831762353727246,-7.75829922522064,1.8662885464263e-07,-8.18808709117664,-4.71803535780293,"Lancashire"
"days_since_lockdown33",0.151020408163265,0.0282562794103209,5.34466714354838,3.12841365266868e-05,0.0920788421576042,0.209961974168925,"Lancashire"
"(Intercept)34",-22.7040816326531,1.06594612880813,-21.2994644091811,3.23643735647308e-15,-24.9276062941014,-20.4805569712047,"Leicester"
"dayFriday34",-15.6734693877551,1.26573355190044,-12.3829137374309,7.78893357092968e-11,-18.3137433109974,-13.0331954645128,"Leicester"
"dayMonday34",-17.1632653061225,1.26352779904471,-13.5836071981152,1.47669337682053e-11,-19.798938109534,-14.5275925027109,"Leicester"
"daySaturday34",-2.08673469387754,1.26352779904471,-1.65151466826074,0.114248680271028,-4.7224074972891,0.548938109534012,"Leicester"
"dayThursday34",-15.2602040816326,1.26940128938254,-12.0215760053746,1.31706800603453e-10,-17.9081287711968,-12.6122793920685,"Leicester"
"dayTuesday34",-16.3265306122449,1.26573355190044,-12.8988684764905,3.75483851306239e-11,-18.9668045354872,-13.6862566890026,"Leicester"
"dayWednesday34",-13.9897959183673,1.26940128938254,-11.0207828173644,6.02472701136917e-10,-16.6377206079315,-11.3418712288032,"Leicester"
"days_since_lockdown34",0.163265306122449,0.0431235645083989,3.7859881942424,0.00115982560481654,0.073311126842117,0.25321948540278,"Leicester"
"(Intercept)35",-28.7887755102041,0.69204499905452,-41.5995716312315,6.71250080762596e-21,-30.2323560820949,-27.3451949383132,"Leicestershire"
"dayFriday35",-9.19795918367346,0.82175313653762,-11.1930928824053,4.6040543604382e-10,-10.912106189167,-7.48381217817991,"Leicestershire"
"dayMonday35",-12.6510204081633,0.820321093968392,-15.422034738815,1.44110859601023e-12,-14.3621802252025,-10.9398605911241,"Leicestershire"
"daySaturday35",-1.09897959183673,0.820321093968392,-1.3396944195599,0.195369701654269,-2.81013940887594,0.612180225202483,"Leicestershire"
"dayThursday35",-10.0469387755102,0.82413434447462,-12.1908992664479,1.02814409186277e-10,-11.7660528937207,-8.32782465729972,"Leicestershire"
"dayTuesday35",-13.0520408163265,0.82175313653762,-15.8831651940144,8.34134747398279e-13,-14.7661878218201,-11.337893810833,"Leicestershire"
"dayWednesday35",-10.7030612244898,0.82413434447462,-12.9870345730015,3.3223859416603e-11,-12.4221753427003,-8.98394710627932,"Leicestershire"
"days_since_lockdown35",0.151020408163265,0.0279971439014572,5.39413622671006,2.79678878729548e-05,0.0926193893569828,0.209421426969547,"Leicestershire"
"(Intercept)36",-27.0153061224489,0.881718863887719,-30.6393650276821,2.77529446753499e-18,-28.8545394432835,-25.1760728016144,"Lincolnshire"
"dayFriday36",-5.52551020408163,1.0469770649799,-5.27758476179009,3.64319478774203e-05,-7.70946609175541,-3.34155431640786,"Lincolnshire"
"dayMonday36",-2.36224489795918,1.04515253196701,-2.26019152775084,0.0351200954998346,-4.54239487645974,-0.182094919458625,"Lincolnshire"
"daySaturday36",-0.137755102040817,1.04515253196701,-0.131803825592382,0.896456395026586,-2.31790508054138,2.04239487645974,"Lincolnshire"
"dayThursday36",-5.66326530612243,1.05001090809669,-5.39352997426281,2.80062794693528e-05,-7.85354967964256,-3.47298093260229,"Lincolnshire"
"dayTuesday36",-3.22448979591837,1.0469770649799,-3.0798093900751,0.00590914353109679,-5.40844568359214,-1.04053390824459,"Lincolnshire"
"dayWednesday36",-2.83673469387755,1.05001090809669,-2.70162402314427,0.0137291052718514,-5.02701906739769,-0.646450320357412,"Lincolnshire"
"days_since_lockdown36",0.112244897959183,0.0356705271284665,3.1467126222984,0.00507666388073422,0.0378374822244964,0.18665231369387,"Lincolnshire"
"(Intercept)37",-13.9642857142857,1.14034161931693,-12.2457038116791,9.49488396556773e-11,-16.3429966495768,-11.5855747789946,"Luton"
"dayFriday37",-15.8571428571429,1.35407278959941,-11.7107019496596,2.08997114446401e-10,-18.6816892011845,-13.0325965131012,"Luton"
"dayMonday37",-16.8214285714286,1.35171309081602,-12.444525902515,7.13012865938823e-11,-19.6410526700615,-14.0018044727956,"Luton"
"daySaturday37",-0.678571428571421,1.35171309081602,-0.502008475897629,0.621143469772208,-3.49819552720439,2.14105267006155,"Luton"
"dayThursday37",-16.0357142857143,1.35799650918198,-11.8083619341361,1.80597069030722e-10,-18.8684453653825,-13.202983206046,"Luton"
"dayTuesday37",-15.8928571428571,1.35407278959941,-11.7370774045012,2.00895445426955e-10,-18.7174034868988,-13.0683107988154,"Luton"
"dayWednesday37",-13.9642857142857,1.35799650918198,-10.2830056041141,1.97474026721836e-09,-16.797016793954,-11.1315546346175,"Luton"
"days_since_lockdown37",0.0714285714285709,0.0461332838998258,1.54830884321332,0.137226983488142,-0.0248037724888047,0.167660915345946,"Luton"
"(Intercept)38",-28.1989795918367,0.829675297656776,-33.9879705608666,3.61936968169739e-19,-29.9296519358482,-26.4683072478253,"Medway"
"dayFriday38",-9.83163265306123,0.985179112758138,-9.9795382644038,3.27461508381839e-09,-11.8866802712845,-7.77658503483793,"Medway"
"dayMonday38",-10.2091836734694,0.983462273034559,-10.3808594934385,1.68129818471733e-09,-12.2606500267845,-8.1577173201543,"Medway"
"daySaturday38",1.20918367346939,0.983462273034559,1.22951709142675,0.233146791763362,-0.842282679845703,3.26065002678448,"Medway"
"dayThursday38",-10.1224489795918,0.988033882905473,-10.2450423560629,2.10251931187614e-09,-12.1834515439928,-8.06144641519085,"Medway"
"dayTuesday38",-10.6683673469388,0.985179112758138,-10.828860669885,8.15851291849837e-10,-12.7234149651621,-8.61331972871548,"Medway"
"dayWednesday38",-8.62755102040816,0.988033882905472,-8.73203962908383,2.93693307512294e-08,-10.6885535848091,-6.56654845600718,"Medway"
"days_since_lockdown38",-0.0408163265306126,0.0335650698028542,-1.21603580062097,0.238129668160522,-0.110831835244294,0.0291991821830685,"Medway"
"(Intercept)39",-33.3122448979592,0.943483756793734,-35.3077036653657,1.70972905976999e-19,-35.28031752772,-31.3441722681983,"Merseyside"
"dayFriday39",-5.87040816326531,1.12031838605407,-5.23994628343268,3.96902999103653e-05,-8.20735136587398,-3.53346496065664,"Merseyside"
"dayMonday39",-6.68979591836735,1.11836604349694,-5.98175879647554,7.5397418361066e-06,-9.02266660576531,-4.3569252309694,"Merseyside"
"daySaturday39",0.689795918367348,1.11836604349694,0.61678904002707,0.544331926201087,-1.64307476903061,3.0226666057653,"Merseyside"
"dayThursday39",-4.68061224489793,1.12356475155512,-4.16585892216672,0.000477342484418414,-7.02432724727827,-2.3368972425176,"Merseyside"
"dayTuesday39",-6.87959183673469,1.12031838605407,-6.14074706116863,5.32510334780867e-06,-9.21653503934336,-4.54264863412602,"Merseyside"
"dayWednesday39",-4.56938775510204,1.12356475155512,-4.06686641671303,0.000601687190408685,-6.91310275748237,-2.2256727527217,"Merseyside"
"days_since_lockdown39",0.189795918367346,0.0381692672351219,4.97248001116205,7.32204958746469e-05,0.110176222105959,0.269415614628733,"Merseyside"
"(Intercept)40",-24.7336734693877,1.09224062718424,-22.6448942236752,9.96022712741719e-16,-27.0120474933128,-22.4552994454627,"Middlesbrough"
"dayFriday40",-7.45612244897959,1.29695635756159,-5.74893858649019,1.26153044178953e-05,-10.1615260035521,-4.75071889440704,"Middlesbrough"
"dayMonday40",-7.6469387755102,1.29469619373394,-5.90635765557958,8.90119617739537e-06,-10.3476277109535,-4.94624984006696,"Middlesbrough"
"daySaturday40",-1.3530612244898,1.29469619373394,-1.04508009758454,0.308453505556492,-4.05375015993304,1.34762771095345,"Middlesbrough"
"dayThursday40",-8.05918367346936,1.30071456989477,-6.1959663249727,4.72270350542715e-06,-10.772426721596,-5.34594062534272,"Middlesbrough"
"dayTuesday40",-7.04387755102041,1.29695635756159,-5.43108294273187,2.57266734945935e-05,-9.74928110559296,-4.33847399644785,"Middlesbrough"
"dayWednesday40",-6.19081632653061,1.30071456989477,-4.75955022709666,0.000119705175571192,-8.90405937465725,-3.47757327840397,"Middlesbrough"
"days_since_lockdown40",0.146938775510203,0.0441873260497124,3.32536020271721,0.00337403966936835,0.0547656285380843,0.239111922482322,"Middlesbrough"
"(Intercept)41",-19.8928571428572,1.1900278067163,-16.7162960651721,3.21282927630719e-13,-22.3752116488973,-17.410502636817,"Milton Keynes"
"dayFriday41",-21.0714285714286,1.41307152579982,-14.9117919275189,2.68289775447848e-12,-24.0190441226192,-18.1238130202379,"Milton Keynes"
"dayMonday41",-22.2142857142857,1.4106090118302,-15.7480106308578,9.77722885107998e-13,-25.1567645513473,-19.2718068772241,"Milton Keynes"
"daySaturday41",0.714285714285722,1.4106090118302,0.506366901313761,0.618135674373725,-2.22819312277589,3.65676455134733,"Milton Keynes"
"dayThursday41",-21.1071428571429,1.41716620701633,-14.8939078229797,2.74287078656172e-12,-24.0632997636793,-18.1509859506064,"Milton Keynes"
"dayTuesday41",-22.1785714285714,1.41307152579982,-15.6952928593038,1.04054164323236e-12,-25.1261869797621,-19.2309558773808,"Milton Keynes"
"dayWednesday41",-20.3928571428571,1.41716620701632,-14.3898838695793,5.16247526324505e-12,-23.3490140493936,-17.4367002363207,"Milton Keynes"
"days_since_lockdown41",0.214285714285714,0.0481433718860631,4.45099098569262,0.000245243325425405,0.11386040030326,0.314711028268169,"Milton Keynes"
"(Intercept)42",-27.8438775510204,1.1146112255356,-24.9807977105566,1.49069247558916e-16,-30.1689158253998,-25.5188392766409,"Norfolk"
"dayFriday42",-5.68979591836735,1.3235198171438,-4.29898808062135,0.000349690288851091,-8.45060987866131,-2.92898195807338,"Norfolk"
"dayMonday42",-3.90510204081633,1.3212133620357,-2.9556937229271,0.00781659968347558,-6.66110482006203,-1.14909926157062,"Norfolk"
"daySaturday42",-1.09489795918367,1.3212133620357,-0.828706392657639,0.417051266861599,-3.85090073842938,1.66110482006203,"Norfolk"
"dayThursday42",-4.28469387755099,1.32735500286227,-3.22799391896787,0.00421771075487449,-7.05350789506717,-1.51587986003481,"Norfolk"
"dayTuesday42",-6.31020408163265,1.3235198171438,-4.76774431322856,0.000117455283166607,-9.07101804192662,-3.54939012133868,"Norfolk"
"dayWednesday42",-2.96530612244898,1.32735500286227,-2.23399626780678,0.0370619271312234,-5.73412013996515,-0.1964921049328,"Norfolk"
"days_since_lockdown42",0.155102040816326,0.0450923435876767,3.4396535747748,0.00259286264639764,0.0610410603408789,0.249163021291773,"Norfolk"
"(Intercept)43",-26.5581632653061,0.786694855922463,-33.7591673129279,4.13374395816416e-19,-28.1991799789125,-24.9171465516998,"North East Lincolnshire"
"dayFriday43",-5.29693877551021,0.934142962141925,-5.67037272685188,1.50295894105169e-05,-7.24552684905892,-3.34835070196149,"North East Lincolnshire"
"dayMonday43",-4.4765306122449,0.932515061464639,-4.80049148505324,0.000108882800230403,-6.42172294448502,-2.53133828000478,"North East Lincolnshire"
"daySaturday43",-2.5234693877551,0.932515061464639,-2.706089683733,0.0135955388444873,-4.46866171999522,-0.578277055514984,"North East Lincolnshire"
"dayThursday43",-4.82040816326528,0.936849843974001,-5.14533699746131,4.92547182481928e-05,-6.77464269337178,-2.86617363315879,"North East Lincolnshire"
"dayTuesday43",-4.70306122448979,0.934142962141925,-5.03462683453291,6.3475101393181e-05,-6.65164929803851,-2.75447315094108,"North East Lincolnshire"
"dayWednesday43",-3.42959183673469,0.936849843974001,-3.66077003566205,0.00155272750434111,-5.38382636684119,-1.4753573066282,"North East Lincolnshire"
"days_since_lockdown43",0.226530612244897,0.0318262672483559,7.11772481759071,6.74825072916277e-07,0.160142182101912,0.292919042387883,"North East Lincolnshire"
"(Intercept)44",-21.2122448979592,1.17626233732705,-18.0336003498693,7.71274234676192e-14,-23.6658851380189,-18.7586046578994,"North Lincolnshire"
"dayFriday44",-9.07040816326531,1.39672603141436,-6.4940496269554,2.4868134149838e-06,-11.9839276106404,-6.15688871589024,"North Lincolnshire"
"dayMonday44",-8.58979591836735,1.39429200220826,-6.16068650237034,5.09896932690993e-06,-11.4982380697889,-5.68135376694578,"North Lincolnshire"
"daySaturday44",-4.66020408163265,1.39429200220826,-3.34234441153781,0.00324483469934192,-7.56864623305422,-1.75176193021108,"North Lincolnshire"
"dayThursday44",-8.73061224489794,1.40077334801583,-6.23270870856068,4.3610480465135e-06,-11.6525742467632,-5.8086502430327,"North Lincolnshire"
"dayTuesday44",-9.17959183673469,1.39672603141436,-6.57222077220056,2.1058101207705e-06,-12.0931112841098,-6.26607238935963,"North Lincolnshire"
"dayWednesday44",-7.76938775510204,1.40077334801583,-5.54649884373318,1.98361845304376e-05,-10.6913497569673,-4.8474257532368,"North Lincolnshire"
"days_since_lockdown44",0.0897959183673463,0.0475864806031426,1.88700482215144,0.0737613218882987,-0.00946774075483527,0.189059577489528,"North Lincolnshire"
"(Intercept)45",-29.6510204081632,0.857132410043236,-34.593278775525,2.55712144401775e-19,-31.4389672849803,-27.8630735313462,"North Somerset"
"dayFriday45",-8.71836734693878,1.01778243805442,-8.56604223158409,3.99022984644715e-08,-10.8414243099894,-6.59531038388812,"North Somerset"
"dayMonday45",-9.39081632653061,1.01600878157208,-9.24284956671354,1.16897946494857e-08,-11.5101735069911,-7.27145914607013,"North Somerset"
"daySaturday45",0.390816326530614,1.01600878157208,0.38465841400101,0.704550293294538,-1.72854085392987,2.51017350699109,"North Somerset"
"dayThursday45",-8.07755102040815,1.02073168340789,-7.91349102972863,1.37830196846514e-07,-10.2067600014632,-5.94834203935313,"North Somerset"
"dayTuesday45",-9.03163265306122,1.01778243805442,-8.87383424528917,2.26676796907938e-08,-11.1546896161119,-6.90857569001057,"North Somerset"
"dayWednesday45",-8.17244897959183,1.02073168340789,-8.00646155344829,1.15121075147067e-07,-10.3016579606468,-6.04323999853682,"North Somerset"
"days_since_lockdown45",0.140816326530612,0.0346758656725627,4.0609318267729,0.000610096097880735,0.0684837382353448,0.213148914825879,"North Somerset"
"(Intercept)46",-35.3989795918367,1.04703782799118,-33.8086921460634,4.01624316461406e-19,-37.5830622289309,-33.2148969547425,"North Yorkshire"
"dayFriday46",-1.93163265306122,1.24328131899051,-1.55365694276628,0.135948205036558,-4.52507203914392,0.661806733021468,"North Yorkshire"
"dayMonday46",-3.15918367346939,1.2411146929137,-2.54544055558051,0.0192644414000777,-5.74810355675197,-0.570263790186806,"North Yorkshire"
"daySaturday46",-1.09081632653061,1.2411146929137,-0.878900501910712,0.38989286894303,-3.67973620981319,1.49810355675197,"North Yorkshire"
"dayThursday46",-1.52244897959182,1.24688399625826,-1.22100290336591,0.236284417249494,-4.12340341876732,1.07850545958369,"North Yorkshire"
"dayTuesday46",-1.31836734693877,1.24328131899051,-1.06039343373166,0.30160414764184,-3.91180673302146,1.27507203914392,"North Yorkshire"
"dayWednesday46",-4.22755102040816,1.24688399625825,-3.39049264654492,0.00290432705191403,-6.82850545958367,-1.62659658123265,"North Yorkshire"
"days_since_lockdown46",0.159183673469387,0.0423586165359009,3.75799982358894,0.00123805731312059,0.0708251476987465,0.247542199240028,"North Yorkshire"
"(Intercept)47",-19.8122448979592,1.07166042195045,-18.4874280062525,4.81940656183239e-14,-22.0476893660293,-17.576800429889,"Northamptonshire"
"dayFriday47",-13.3704081632653,1.27251885967553,-10.5070412604136,1.36846855700438e-09,-16.0248359905049,-10.7159803360257,"Northamptonshire"
"dayMonday47",-14.4397959183674,1.27030128228376,-11.3672213983814,3.51926956970901e-10,-17.0895979602262,-11.7899938765085,"Northamptonshire"
"daySaturday47",-0.560204081632649,1.27030128228376,-0.441000957367773,0.663942622168735,-3.21000612349154,2.08959796022624,"Northamptonshire"
"dayThursday47",-12.6806122448979,1.27620625905852,-9.93617775723229,3.52304404402273e-09,-15.3427318524659,-10.0184926373299,"Northamptonshire"
"dayTuesday47",-13.3795918367347,1.27251885967553,-10.5142581856478,1.35252114139202e-09,-16.0340196639743,-10.7251640094951,"Northamptonshire"
"dayWednesday47",-12.569387755102,1.27620625905852,-9.84902531693792,4.08353128634856e-09,-15.23150736267,-9.90726814753404,"Northamptonshire"
"days_since_lockdown47",0.189795918367346,0.0433547400643516,4.37774319683688,0.00029094486966701,0.099359515327396,0.280232321407297,"Northamptonshire"
"(Intercept)48",-32.6867346938775,0.941323516393607,-34.7242304315383,2.37381222356999e-19,-34.6503011411264,-30.7231682466287,"Northumberland"
"dayFriday48",-6.11122448979592,1.11775325759146,-5.46741818759215,2.37010284064928e-05,-8.44281692819405,-3.77963205139779,"Northumberland"
"dayMonday48",-5.81938775510204,1.1158053852006,-5.21541465231039,4.19722797027988e-05,-8.1469170028929,-3.49185850731119,"Northumberland"
"daySaturday48",1.06938775510204,1.1158053852006,0.958399887010571,0.349304543233226,-1.25814149268882,3.3969170028929,"Northumberland"
"dayThursday48",-5.79183673469386,1.12099219007646,-5.1667056969405,4.69071877286726e-05,-8.13018546786387,-3.45348800152385,"Northumberland"
"dayTuesday48",-6.13877551020408,1.11775325759146,-5.49206675848295,2.24202324432301e-05,-8.47036794860221,-3.80718307180595,"Northumberland"
"dayWednesday48",-4.45816326530612,1.12099219007646,-3.97697977271549,0.000742425604821173,-6.79651199847613,-2.11981453213612,"Northumberland"
"days_since_lockdown48",0.0693877551020404,0.038081873263015,1.82206780172838,0.0834343756775307,-0.0100496405280201,0.148825150732101,"Northumberland"
"(Intercept)49",-32.5857142857143,0.638691720396175,-51.0194719065743,1.17448785462423e-22,-33.918001868532,-31.2534267028965,"Nottingham"
"dayFriday49",-11.0428571428571,0.75839999600202,-14.5607294317915,4.15787222848841e-12,-12.6248518129239,-9.46086247279035,"Nottingham"
"dayMonday49",-12.9785714285714,0.757078356898392,-17.1429698264552,2.00265027274041e-13,-14.5578092077776,-11.3993336493653,"Nottingham"
"daySaturday49",-1.77142857142857,0.757078356898392,-2.33982196860809,0.029776883888217,-3.35066635063472,-0.192190792222424,"Nottingham"
"dayThursday49",-11.3142857142857,0.760597624474129,-14.875520709269,2.8059941045065e-12,-12.900864557016,-9.72770687155542,"Nottingham"
"dayTuesday49",-12.2071428571429,0.75839999600202,-16.0959162994383,6.51133304597446e-13,-13.7891375272096,-10.6251481870761,"Nottingham"
"dayWednesday49",-10.1857142857143,0.760597624474129,-13.3917250829656,1.91061433017943e-11,-11.7722931284446,-8.599135442984,"Nottingham"
"days_since_lockdown49",0.228571428571428,0.0258387012824758,8.84608812465542,2.38413666262089e-08,0.174672842171362,0.282470014971495,"Nottingham"
"(Intercept)50",-26.3418367346939,0.80791972211627,-32.604522471235,8.19352235658652e-19,-28.0271277433536,-24.6565457260341,"Nottinghamshire"
"dayFriday50",-10.6530612244898,0.959345948062177,-11.1045043198529,5.28472040292974e-10,-12.6542218054301,-8.65190064354948,"Nottinghamshire"
"dayMonday50",-10.4234693877551,0.957674126957813,-10.8841505626415,7.47317169272068e-10,-12.4211426109813,-8.42579616452885,"Nottinghamshire"
"daySaturday50",-0.326530612244893,0.957674126957813,-0.340962132163019,0.736687882252277,-2.32420383547114,1.67114261098135,"Nottinghamshire"
"dayThursday50",-9.72959183673467,0.962125861012044,-10.112597770213,2.61994162461918e-09,-11.736551214475,-7.72263245899435,"Nottinghamshire"
"dayTuesday50",-9.8469387755102,0.959345948062177,-10.2642209469904,2.0369244840383e-09,-11.8480993564505,-7.84577819456988,"Nottinghamshire"
"dayWednesday50",-8.7704081632653,0.962125861012043,-9.11565577713488,1.46590866273608e-08,-10.7773675410056,-6.76344878552498,"Nottinghamshire"
"days_since_lockdown50",0.173469387755101,0.0326849334245858,5.30731959896288,3.40513097143785e-05,0.105289811355097,0.241648964155106,"Nottinghamshire"
"(Intercept)51",-31.6173469387755,0.960458336720771,-32.9190197325211,6.78493550691079e-19,-33.6208279217968,-29.6138659557542,"Oxfordshire"
"dayFriday51",-10.8622448979592,1.14047446595567,-9.52432099289223,7.13396872000463e-09,-13.2412329464828,-8.48325684943559,"Oxfordshire"
"dayMonday51",-11.4438775510204,1.13848699805108,-10.0518298150182,2.90016048911795e-09,-13.8187198141424,-9.06903528789841,"Oxfordshire"
"daySaturday51",-0.056122448979587,1.13848699805108,-0.0492956433193002,0.961172670246425,-2.43096471210159,2.31871981414242,"Oxfordshire"
"dayThursday51",-12.9183673469388,1.14377923806974,-11.2944586830759,3.93595515986009e-10,-15.3042490292939,-10.5324856645837,"Oxfordshire"
"dayTuesday51",-9.88775510204081,1.14047446595567,-8.6698610071513,3.29284849010333e-08,-12.2667431505644,-7.50876705351721,"Oxfordshire"
"dayWednesday51",-9.58163265306122,1.14377923806974,-8.37716959194966,5.67966329896868e-08,-11.9675143354163,-7.19575097070613,"Oxfordshire"
"days_since_lockdown51",0.193877551020408,0.0388559852339996,4.98964444866944,7.03861636886676e-05,0.112825386114782,0.274929715926033,"Oxfordshire"
"(Intercept)52",-13.8969387755102,1.10613148576774,-12.5635504949618,6.01688647105958e-11,-16.2042886226916,-11.5895889283288,"Peterborough"
"dayFriday52",-18.3948979591837,1.31345074250157,-14.0050154634266,8.47286041281131e-12,-21.1347081978262,-15.6550877205412,"Peterborough"
"dayMonday52",-18.6775510204082,1.31116183444365,-14.2450386594218,6.21257866182379e-12,-21.4125866805077,-15.9425153603087,"Peterborough"
"daySaturday52",-1.32244897959183,1.31116183444365,-1.00860850648003,0.325210063666992,-4.05748463969134,1.41258668050768,"Peterborough"
"dayThursday52",-18.4673469387755,1.31725675089247,-14.0195500431207,8.31410957328139e-12,-21.2150963718014,-15.7195975057496,"Peterborough"
"dayTuesday52",-19.3551020408163,1.31345074250158,-14.7360699678413,3.33706989301862e-12,-22.0949122794588,-16.6152918021738,"Peterborough"
"dayWednesday52",-17.5326530612245,1.31725675089247,-13.3099739662338,2.13420136519008e-11,-20.2804024942504,-14.7849036281986,"Peterborough"
"days_since_lockdown52",0.177551020408163,0.0447492900364598,3.96768351550386,0.000758737171313459,0.0842056371010089,0.270896403715316,"Peterborough"
"(Intercept)53",-35.804081632653,1.0667813696484,-33.5627173958369,4.6365655636448e-19,-38.0293485759638,-33.5788146893423,"Plymouth"
"dayFriday53",-3.4734693877551,1.26672533969053,-2.74208565891932,0.0125631117225949,-6.11581214407498,-0.831126631435221,"Plymouth"
"dayMonday53",-3.76326530612245,1.26451785847835,-2.97604757488435,0.00746749244179931,-6.4010033373232,-1.1255272749217,"Plymouth"
"daySaturday53",-1.73673469387755,1.26451785847835,-1.37343627235715,0.184818372761936,-4.3744727250783,0.901003337323198,"Plymouth"
"dayThursday53",-2.71020408163263,1.27039595109285,-2.13335384082513,0.0454701999425542,-5.36020359916688,-0.0602045640983877,"Plymouth"
"dayTuesday53",-3.7765306122449,1.26672533969053,-2.9813334382081,0.00737931747301431,-6.41887336856478,-1.13418785592501,"Plymouth"
"dayWednesday53",-2.53979591836735,1.27039595109285,-1.99921600520097,0.0593566780995611,-5.18979543590159,0.110203599166899,"Plymouth"
"days_since_lockdown53",0.263265306122448,0.0431573547359554,6.10012610210134,5.81817809664268e-06,0.173240641662559,0.353289970582338,"Plymouth"
"(Intercept)54",-37.1132653061225,1.1978075904502,-30.9843297053856,2.22832031586941e-18,-39.6118481566592,-34.6146824555857,"Portsmouth"
"dayFriday54",-8.28877551020408,1.42230945352655,-5.827687842229,1.05920010345655e-05,-11.2556610409612,-5.321889979447,"Portsmouth"
"dayMonday54",-8.98061224489796,1.41983084091955,-6.32512830830021,3.57180864579734e-06,-11.9423274803569,-6.01889700943902,"Portsmouth"
"daySaturday54",-1.51938775510204,1.41983084091955,-1.07011885593217,0.297311123903458,-4.48110299056098,1.4423274803569,"Portsmouth"
"dayThursday54",-7.55816326530612,1.42643090364219,-5.29865361582353,3.47282912837189e-05,-10.5336459903541,-4.58268054025809,"Portsmouth"
"dayTuesday54",-8.46122448979592,1.42230945352655,-5.94893359445561,8.1040977024683e-06,-11.428110020553,-5.49433895903884,"Portsmouth"
"dayWednesday54",-6.44183673469388,1.42643090364219,-4.5160524202368,0.000210742068897015,-9.4173194597419,-3.46635400964585,"Portsmouth"
"days_since_lockdown54",0.230612244897959,0.0484581082471633,4.75900222356408,0.000119857190476545,0.129530402370724,0.331694087425194,"Portsmouth"
"(Intercept)55",-29.4265306122449,1.30204753372972,-22.6001968821773,1.0347001927352e-15,-32.1425541742077,-26.710507050282,"Reading"
"dayFriday55",-20.6775510204082,1.54608680970928,-13.3741203214173,1.95660419634972e-11,-23.9026315917616,-17.4524704490547,"Reading"
"dayMonday55",-23.9112244897959,1.5433924943136,-15.4926401274422,1.3241823082083e-12,-27.1306848177186,-20.6917641618733,"Reading"
"daySaturday55",-0.338775510204076,1.5433924943136,-0.21950055572529,0.828484878096576,-3.55823583812673,2.88068481771858,"Reading"
"dayThursday55",-22.2663265306122,1.5505669315596,-14.3601195649234,5.3620044951214e-12,-25.5007524723848,-19.0319005888397,"Reading"
"dayTuesday55",-22.8224489795918,1.54608680970928,-14.7614279070677,3.23319661706732e-12,-26.0475295509453,-19.5973684082384,"Reading"
"dayWednesday55",-21.4836734693878,1.5505669315596,-13.8553667256266,1.03042298371077e-11,-24.7180994111603,-18.2492475276152,"Reading"
"days_since_lockdown55",0.161224489795918,0.0526752049623532,3.06072828593918,0.00616987818931481,0.0513459376672118,0.271103041924624,"Reading"
"(Intercept)56",-26.104081632653,1.12370653116369,-23.2303371998916,6.08580404744087e-16,-28.4480923821144,-23.7600708831917,"Redcar and Cleveland"
"dayFriday56",-6.8734693877551,1.33431983150394,-5.15129073665035,4.85888898899123e-05,-9.65681178323427,-4.09012699227594,"Redcar and Cleveland"
"dayMonday56",-7.06326530612245,1.33199455556069,-5.30277340596878,3.44047624249609e-05,-9.84175726097919,-4.2847733512657,"Redcar and Cleveland"
"daySaturday56",-3.18673469387755,1.33199455556069,-2.39245324282585,0.0266689866603454,-5.9652266487343,-0.408242739020808,"Redcar and Cleveland"
"dayThursday56",-6.06020408163263,1.33818631260635,-4.52866990533576,0.00020464002358527,-8.85161181536098,-3.26879634790428,"Redcar and Cleveland"
"dayTuesday56",-5.6265306122449,1.33431983150394,-4.21677807629009,0.000423765424114455,-8.40987300772406,-2.84318821676573,"Redcar and Cleveland"
"dayWednesday56",-4.18979591836735,1.33818631260635,-3.13095110815099,0.00526188298051538,-6.98120365209569,-1.398388184639,"Redcar and Cleveland"
"days_since_lockdown56",0.0632653061224483,0.0454603002680158,1.3916605422635,0.179311058670019,-0.0315632185383632,0.15809383078326,"Redcar and Cleveland"
"(Intercept)57",-39.952380952381,1.71775636847698,-23.2584676648901,2.50639788070264e-14,-43.5765300975161,-36.3282318072458,"Rutland"
"dayFriday57",6.70714285714286,1.85947843870952,3.60700222036327,0.00217558685826808,2.78398628050834,10.6302994337774,"Rutland"
"dayMonday57",7.12142857142858,1.86855280788056,3.81120005888739,0.00139647505293223,3.17912674935799,11.0637303934992,"Rutland"
"daySaturday57",3.76190476190476,1.86149878800975,2.02090099984802,0.0593286069705358,-0.165514379156037,7.68932390296557,"Rutland"
"dayThursday57",7.15238095238094,1.85846744043513,3.84853713159824,0.00128776154531119,3.23135739565489,11.073404509107,"Rutland"
"dayTuesday57",6.17619047619048,1.87357513331564,3.29647333932136,0.00426242372509636,2.22329247368001,10.129088478701,"Rutland"
"dayWednesday57",8.48095238095238,1.87958420970895,4.51214281176881,0.000307658732383387,4.51537633545892,12.4465284264458,"Rutland"
"days_since_lockdown57",0.195238095238096,0.043352259849289,4.50352751890736,0.000313377975414865,0.103772822073788,0.286703368402403,"Rutland"
"(Intercept)58",-27.0897959183673,1.00664224681755,-26.9110461079994,3.5054852663567e-17,-29.1896148497023,-24.9899769870323,"Shropshire"
"dayFriday58",-7.11632653061225,1.19531450241494,-5.95351810442762,8.02274639591515e-06,-9.6097088906366,-4.6229441705879,"Shropshire"
"dayMonday58",-5.94183673469388,1.19323146655543,-4.97961787066052,7.2028025670377e-05,-8.43087395805595,-3.45279951133181,"Shropshire"
"daySaturday58",-0.308163265306124,1.19323146655543,-0.2582594190176,0.798845722965895,-2.79720048866819,2.18087395805594,"Shropshire"
"dayThursday58",-9.17448979591834,1.1987781854285,-7.65320048982954,2.29572384554936e-07,-11.6750972721019,-6.6738823197348,"Shropshire"
"dayTuesday58",-4.13367346938775,1.19531450241494,-3.45823083467684,0.00248391317963283,-6.62705582941211,-1.6402911093634,"Shropshire"
"dayWednesday58",-4.32551020408163,1.1987781854285,-3.60826569640613,0.00175433005727568,-6.82611768026518,-1.82490272789809,"Shropshire"
"days_since_lockdown58",0.191836734693877,0.0407243862464744,4.71061082499394,0.00013408085714232,0.106887153571394,0.276786315816359,"Shropshire"
"(Intercept)59",-30.4663265306122,0.835330329680101,-36.4721900404115,9.01976726318252e-20,-32.2087950647175,-28.723857996507,"Slough"
"dayFriday59",-6.64387755102041,0.991894052261693,-6.69817258796058,1.61354726176623e-06,-8.71293228759872,-4.5748228144421,"Slough"
"dayMonday59",-8.8030612244898,0.99016551063058,-8.89049470010688,2.1991903685064e-08,-10.8685102864085,-6.73761216257107,"Slough"
"daySaturday59",6.5530612244898,0.99016551063058,6.61814732399286,1.91050694063834e-06,4.48761216257107,8.61851028640853,"Slough"
"dayThursday59",-8.3408163265306,0.994768280402592,-8.38468263499013,5.59996262567157e-08,-10.4158665979499,-6.26576605511127,"Slough"
"dayTuesday59",-9.10612244897959,0.991894052261693,-9.18053942174169,1.3057320113732e-08,-11.1751771855579,-7.03706771240128,"Slough"
"dayWednesday59",-6.90918367346938,0.994768280402591,-6.9455206901784,9.6237857827175e-07,-8.98423394488871,-4.83413340205006,"Slough"
"days_since_lockdown59",0.0530612244897955,0.0337938479105505,1.57014450175204,0.132068071852166,-0.0174315069940748,0.123553955973666,"Slough"
"(Intercept)60",-28.4265306122449,1.11803063603987,-25.4255381703433,1.05822549569506e-16,-30.7587016519474,-26.0943595725423,"Somerset"
"dayFriday60",-4.42755102040816,1.32758011858493,-3.33505372551638,0.00329969324579902,-7.19683462109322,-1.65826741972311,"Somerset"
"dayMonday60",-4.41122448979592,1.32526658772105,-3.32855633022601,0.00334934698093341,-7.17568214966479,-1.64676682992705,"Somerset"
"daySaturday60",-0.338775510204081,1.32526658772105,-0.255628198388857,0.800848546466711,-3.10323317007295,2.42568214966479,"Somerset"
"dayThursday60",-3.01632653061222,1.33142706990744,-2.26548385471981,0.03473930001307,-5.79363473113943,-0.239018330085,"Somerset"
"dayTuesday60",-6.32244897959183,1.32758011858493,-4.76238600675259,0.000118921648044832,-9.09173258027689,-3.55316537890678,"Somerset"
"dayWednesday60",-2.98367346938775,1.33142706990744,-2.24095899567009,0.0365364056711213,-5.76098166991497,-0.206365268860538,"Somerset"
"days_since_lockdown60",0.161224489795918,0.0452306781296168,3.56449419869186,0.00194199949453889,0.0668749485224895,0.255574031069346,"Somerset"
"(Intercept)61",-28.0642857142857,0.701177684879229,-40.0244992381917,1.43993817881989e-20,-29.5269167349823,-26.6016546935891,"South Gloucestershire"
"dayFriday61",-16.9071428571429,0.832597537164342,-20.3065011634855,8.07673376596402e-15,-18.6439108859513,-15.1703748283345,"South Gloucestershire"
"dayMonday61",-18.6714285714286,0.831146596409462,-22.4646634565897,1.16190397418411e-15,-20.4051699908581,-16.937687151999,"South Gloucestershire"
"daySaturday61",-0.578571428571427,0.831146596409462,-0.696112371837706,0.494369398523981,-2.312312848001,1.15516999085814,"South Gloucestershire"
"dayThursday61",-16.9857142857143,0.835010169104119,-20.3419250617489,7.81203639169696e-15,-18.7275149765608,-15.2439135948678,"South Gloucestershire"
"dayTuesday61",-17.8428571428571,0.832597537164342,-21.430350615288,2.87731775276779e-15,-19.5796251716655,-16.1060891140487,"South Gloucestershire"
"dayWednesday61",-16.7642857142857,0.835010169104119,-20.0767443733914,1.00382798265876e-14,-18.5060864051322,-15.0224850234392,"South Gloucestershire"
"days_since_lockdown61",0.171428571428571,0.0283666128226842,6.04332186222401,6.58743176302151e-06,0.112256853957709,0.230600288899434,"South Gloucestershire"
"(Intercept)62",-27.6489795918367,0.582424452095724,-47.4722163404165,4.907721713813e-22,-28.8638957097022,-26.4340634739712,"South Yorkshire"
"dayFriday62",-9.18163265306122,0.691586704563644,-13.2761844501542,2.23444806868261e-11,-10.624257239396,-7.7390080667264,"South Yorkshire"
"dayMonday62",-9.90918367346939,0.690381498818498,-14.3531999197947,5.40953607383518e-12,-11.3492942446734,-8.46907310226538,"South Yorkshire"
"daySaturday62",-0.84081632653061,0.690381498818498,-1.21790101265686,0.237435472223441,-2.28092689773462,0.599294244673399,"South Yorkshire"
"dayThursday62",-9.27244897959181,0.693590727033177,-13.3687614585832,1.97083190998865e-11,-10.7192538835456,-7.82564407563805,"South Yorkshire"
"dayTuesday62",-9.81836734693877,0.691586704563644,-14.1968711690802,6.60942228641749e-12,-11.2609919332736,-8.37574276060395,"South Yorkshire"
"dayWednesday62",-8.47755102040816,0.693590727033177,-12.2226994825475,9.81710580593172e-11,-9.92435592436192,-7.03074611645439,"South Yorkshire"
"days_since_lockdown62",0.159183673469387,0.023562371261015,6.7558426826405,1.42934733500588e-06,0.110033428288002,0.208333918650772,"South Yorkshire"
"(Intercept)63",-37.615306122449,1.08217583588578,-34.7589595656237,2.32754825279175e-19,-39.8726853596211,-35.3579268852768,"Southampton"
"dayFriday63",-8.07551020408163,1.28500514943293,-6.28441855477805,3.89961466076834e-06,-10.7559839753471,-5.39503643281613,"Southampton"
"dayMonday63",-8.96224489795918,1.28276581258851,-6.98665712011311,8.83820497498492e-07,-11.6380474944211,-6.28644230149726,"Southampton"
"daySaturday63",0.212244897959189,1.28276581258851,0.165458804620695,0.870243929170217,-2.46355769850273,2.88804749442111,"Southampton"
"dayThursday63",-8.11326530612244,1.28872873054855,-6.29555709731792,3.80696542302369e-06,-10.8015063314881,-5.42502428075683,"Southampton"
"dayTuesday63",-8.67448979591836,1.28500514943293,-6.7505486649189,1.44531469952968e-06,-11.3549635671839,-5.99401602465286,"Southampton"
"dayWednesday63",-6.63673469387755,1.28872873054855,-5.14983063274504,4.87513267308847e-05,-9.32497571924316,-3.94849366851193,"Southampton"
"days_since_lockdown63",0.212244897959184,0.0437801481773112,4.8479712105949,9.75650169860082e-05,0.120921109145429,0.303568686772938,"Southampton"
"(Intercept)64",-29.7908163265306,1.05996098252002,-28.1055782409122,1.50241323150944e-17,-32.0018561915954,-27.5797764614658,"Southend-on-Sea"
"dayFriday64",-10.734693877551,1.25862662570112,-8.52889463670074,4.27558241332093e-08,-13.3601430125191,-8.10924474258291,"Southend-on-Sea"
"dayMonday64",-11.3826530612245,1.25643325785544,-9.05949678588827,1.62100962972161e-08,-14.0035269110401,-8.76177921140888,"Southend-on-Sea"
"daySaturday64",0.382653061224493,1.25643325785544,0.304555024178228,0.763851489817274,-2.23822078859112,3.00352691104011,"Southend-on-Sea"
"dayThursday64",-10.3520408163265,1.26227376932319,-8.20110586776839,7.92627174434872e-08,-12.9850977595772,-7.71898387307584,"Southend-on-Sea"
"dayTuesday64",-10.765306122449,1.25862662570112,-8.55321657958106,4.08644930456596e-08,-13.3907552574171,-8.13985698748087,"Southend-on-Sea"
"dayWednesday64",-8.39795918367346,1.26227376932319,-6.65304103417781,1.77465152148305e-06,-11.0310161269241,-5.76490224042279,"Southend-on-Sea"
"days_since_lockdown64",0.132653061224489,0.0428814314070423,3.09348491577415,0.00572887295678956,0.0432039627429607,0.222102159706018,"Southend-on-Sea"
"(Intercept)65",-26.0938775510204,0.775290516681425,-33.656902786214,4.38793309243855e-19,-27.7111052298297,-24.4766498722111,"Staffordshire"
"dayFriday65",-10.6897959183673,0.920601138193677,-11.611756139409,2.42557896440772e-10,-12.6101362421507,-8.76945559458399,"Staffordshire"
"dayMonday65",-9.90510204081633,0.918996836414279,-10.7781677241282,8.84448875316402e-10,-11.8220958497295,-7.98810823190318,"Staffordshire"
"daySaturday65",-0.844897959183668,0.918996836414279,-0.919369823382931,0.368858210869903,-2.76189176809682,1.07209584972949,"Staffordshire"
"dayThursday65",-9.78469387755099,0.923268779653878,-10.5978823211364,1.18123571329868e-09,-11.7105988039107,-7.85878895119124,"Staffordshire"
"dayTuesday65",-10.0602040816326,0.920601138193677,-10.9278640491059,6.97391666474342e-10,-11.980544405416,-8.13986375784929,"Staffordshire"
"dayWednesday65",-9.71530612244897,0.923268779653877,-10.5227278735572,1.33405204782288e-09,-11.6412110488087,-7.78940119608922,"Staffordshire"
"days_since_lockdown65",0.155102040816326,0.031364897066838,4.94508368657504,7.79864682170624e-05,0.0896760120076454,0.220528069625006,"Staffordshire"
"(Intercept)66",-27.8438775510204,0.897735825653294,-31.0156693710625,2.18457750401393e-18,-29.7165216686342,-25.9712334334066,"Stockton-on-Tees"
"dayFriday66",-6.68979591836735,1.06599604291724,-6.27562922284385,3.9743565071715e-06,-8.91342469882277,-4.46616713791193,"Stockton-on-Tees"
"dayMonday66",-6.15510204081633,1.06413836614765,-5.78411815288531,1.16665864236922e-05,-8.37485577543354,-3.93534830619912,"Stockton-on-Tees"
"daySaturday66",2.15510204081633,1.06413836614765,2.02520847793332,0.0564007866941554,-0.0646516938008848,4.37485577543354,"Stockton-on-Tees"
"dayThursday66",-5.03469387755098,1.06908499764749,-4.70934854443732,0.000134473902848992,-7.26476610466396,-2.80462165043801,"Stockton-on-Tees"
"dayTuesday66",-6.31020408163265,1.06599604291724,-5.91953799787467,8.64619855912642e-06,-8.53383286208807,-4.08657530117723,"Stockton-on-Tees"
"dayWednesday66",-3.71530612244897,1.06908499764749,-3.47522052093563,0.00238822145686467,-5.94537834956195,-1.485233895336,"Stockton-on-Tees"
"days_since_lockdown66",0.155102040816326,0.0363185040433024,4.27060653796197,0.000373666471074272,0.0793429689226191,0.230861112710032,"Stockton-on-Tees"
"(Intercept)67",-25.5938775510204,0.892761394282953,-28.6682171909739,1.02001645520875e-17,-27.4561451866247,-23.731609915416,"Stoke-on-Trent"
"dayFriday67",-7.43979591836735,1.06008926722108,-7.01808437120591,8.28280025104962e-07,-9.65110338062937,-5.22848845610533,"Stoke-on-Trent"
"dayMonday67",-7.15510204081633,1.05824188399813,-6.76131057465211,1.41304622791523e-06,-9.36255592920219,-4.94764815243046,"Stoke-on-Trent"
"daySaturday67",-0.594897959183672,1.05824188399813,-0.56215688320339,0.580255690312339,-2.80235184756953,1.61255592920219,"Stoke-on-Trent"
"dayThursday67",-6.78469387755099,1.06316110578767,-6.38162348172471,3.16315529214997e-06,-9.00240908277882,-4.56697867232316,"Stoke-on-Trent"
"dayTuesday67",-7.31020408163265,1.06008926722108,-6.89583821633782,1.06694476997121e-06,-9.52151154389466,-5.09889661937063,"Stoke-on-Trent"
"dayWednesday67",-5.71530612244897,1.06316110578767,-5.37576675005869,2.91553324619847e-05,-7.93302132767681,-3.49759091722114,"Stoke-on-Trent"
"days_since_lockdown67",0.155102040816326,0.036117260090823,4.29440218959842,0.000353457054127043,0.0797627564514747,0.230441325181177,"Stoke-on-Trent"
"(Intercept)68",-29.3734693877551,1.0506771779563,-27.9567025952634,1.66658639744249e-17,-31.5651435758484,-27.1817951996618,"Suffolk"
"dayFriday68",-4.22244897959184,1.24760278255557,-3.38444979334098,0.00294505938109943,-6.82490278070995,-1.61999517847373,"Suffolk"
"dayMonday68",-7.13877551020409,1.24542862560421,-5.73198283983617,1.31004047099273e-05,-9.73669409939303,-4.54085692101514,"Suffolk"
"daySaturday68",0.888775510204082,1.24542862560421,0.713630224913851,0.483701138372651,-1.70914307898487,3.48669409939303,"Suffolk"
"dayThursday68",-5.33367346938773,1.25121798220125,-4.26278517833021,0.000380559202262306,-7.94366844482129,-2.72367849395417,"Suffolk"
"dayTuesday68",-5.52755102040816,1.24760278255557,-4.43053758591785,0.000257224359350018,-8.13000482152627,-2.92509721929005,"Suffolk"
"dayWednesday68",-2.66632653061224,1.25121798220125,-2.13098482322114,0.0456875062653876,-5.2763215060458,-0.0563315551786849,"Suffolk"
"days_since_lockdown68",0.138775510204081,0.0425058488760241,3.26485681085547,0.00387650346371486,0.0501098631536877,0.227441157254474,"Suffolk"
"(Intercept)69",-32.7612244897959,1.0004295204175,-32.7471589164263,7.52004606155626e-19,-34.8480839009525,-30.6743650786393,"Surrey"
"dayFriday69",-12.4520408163265,1.18793734137386,-10.4820686938973,1.42517902066778e-09,-14.9300346880746,-9.97404694457845,"Surrey"
"dayMonday69",-16.1489795918367,1.18586716145391,-13.6178655727659,1.4107506315076e-11,-18.6226551439425,-13.675304039731,"Surrey"
"daySaturday69",3.39897959183674,1.18586716145391,2.86623974616979,0.00954596504921942,0.925304039730959,5.87265514394251,"Surrey"
"dayThursday69",-14.8030612244898,1.19137964746333,-12.4251419402777,7.33088399986777e-11,-17.2882356209148,-12.3178868280648,"Surrey"
"dayTuesday69",-16.5479591836735,1.18793734137386,-13.9299932810728,9.3441820082802e-12,-19.0259530554215,-14.0699653119254,"Surrey"
"dayWednesday69",-14.4469387755102,1.19137964746333,-12.1262259316503,1.1297895489545e-10,-16.9321131719352,-11.9617643790852,"Surrey"
"days_since_lockdown69",0.148979591836734,0.0404730462392778,3.6809582099643,0.00148146443293146,0.0645542967820998,0.233404886891369,"Surrey"
"(Intercept)70",-21.1744897959184,0.936037044016828,-22.6214228713129,1.01614030283244e-15,-23.1270288550243,-19.2219507368125,"Swindon"
"dayFriday70",-18.3908163265306,1.11147595588019,-16.5463015454677,3.89003693545394e-13,-20.7093145430116,-16.0723181100496,"Swindon"
"dayMonday70",-19.4295918367347,1.10953902273967,-17.5114091875374,1.34251797177662e-13,-21.7440496814847,-17.1151339919847,"Swindon"
"daySaturday70",-1.5704081632653,1.10953902273967,-1.41536992487895,0.172343611901673,-3.88486600801533,0.744049681484729,"Swindon"
"dayThursday70",-18.2112244897959,1.11469669852205,-16.3373808444411,4.9324642425206e-13,-20.5364410577009,-15.886007921891,"Swindon"
"dayTuesday70",-18.6091836734694,1.11147595588019,-16.7427676460464,3.11902559168013e-13,-20.9276818899504,-16.2906854569884,"Swindon"
"dayWednesday70",-17.5387755102041,1.11469669852205,-15.7341234915814,9.93875996519806e-13,-19.863992078109,-15.2135589422991,"Swindon"
"days_since_lockdown70",0.179591836734694,0.0378680054826453,4.74257448856132,0.000124506045360996,0.100600561477032,0.258583111992355,"Swindon"
"(Intercept)71",-25.8775510204081,0.785561872309872,-32.9414549414391,6.69468844439019e-19,-27.5162043716123,-24.238897669204,"Thurrock"
"dayFriday71",-10.7959183673469,0.932797626450511,-11.5736983684528,2.56922688643224e-10,-12.7417001198191,-8.85013661487481,"Thurrock"
"dayMonday71",-11.6020408163265,0.93117207024615,-12.4596099765531,6.97788103998663e-11,-13.5444317179749,-9.65964991467818,"Thurrock"
"daySaturday71",0.602040816326535,0.93117207024615,0.646540887085873,0.525279947248661,-1.34035008532182,2.54443171797489,"Thurrock"
"dayThursday71",-10.9438775510204,0.935500609880641,-11.6984184034008,2.12885846143792e-10,-12.8952976281263,-8.99245747391445,"Thurrock"
"dayTuesday71",-11.9540816326531,0.932797626450511,-12.81530022556,4.21918680262511e-11,-13.8998633851252,-10.0082998801809,"Thurrock"
"dayWednesday71",-10.3061224489796,0.93550060988064,-11.0166923892167,6.06353970397963e-10,-12.2575425260855,-8.35470237187365,"Thurrock"
"days_since_lockdown71",0.10204081632653,0.0317804316375459,3.21080649533965,0.00438664380705147,0.0357479975922778,0.168333635060782,"Thurrock"
"(Intercept)72",-36.8142857142857,1.4957822139225,-24.61206275327,1.98915620670344e-16,-39.9344327375984,-33.6941386909729,"Torbay"
"dayFriday72",2.59285714285714,1.77613266123922,1.4598330403136,0.159866169584541,-1.11209066598291,6.2978049516972,"Torbay"
"dayMonday72",2.32857142857143,1.77303745239072,1.31332331724388,0.203942594296425,-1.36991988774901,6.02706274489187,"Torbay"
"daySaturday72",0.921428571428569,1.77303745239072,0.519689288111842,0.608984549985443,-2.77706274489187,4.61991988774901,"Torbay"
"dayThursday72",3.76428571428574,1.78127939083727,2.11324833917064,0.0473445697363229,0.0486020156311944,7.47996941294029,"Torbay"
"dayTuesday72",3.15714285714286,1.77613266123922,1.77753775156643,0.0906906434734423,-0.547804951697199,6.86209066598291,"Torbay"
"dayWednesday72",4.23571428571429,1.78127939083727,2.37790562642918,0.0274964967395596,0.520030587059741,7.95139798436883,"Torbay"
"days_since_lockdown72",0.171428571428571,0.0605128711942752,2.8329274094135,0.0102793583522995,0.0452009340282053,0.297656208828936,"Torbay"
"(Intercept)73",-32.1510204081632,0.775290516681424,-41.4696423036146,7.14099084923845e-21,-33.7682480869726,-30.5337927293539,"Tyne and Wear"
"dayFriday73",-8.96836734693878,0.920601138193676,-9.74185993788335,4.90235679113214e-09,-10.8887076707221,-7.04802702315542,"Tyne and Wear"
"dayMonday73",-8.64081632653061,0.918996836414278,-9.40244403913855,8.82442359621982e-09,-10.5578101354438,-6.72382251761746,"Tyne and Wear"
"daySaturday73",-2.85918367346939,0.918996836414278,-3.11120077912922,0.00550325359348594,-4.77617748238254,-0.942189864556236,"Tyne and Wear"
"dayThursday73",-8.82755102040814,0.923268779653877,-9.56119302952873,6.69180781022618e-09,-10.7534559467679,-6.9016460940484,"Tyne and Wear"
"dayTuesday73",-8.78163265306122,0.920601138193676,-9.53901998241257,6.95416790380737e-09,-10.7019729768446,-6.86129232927787,"Tyne and Wear"
"dayWednesday73",-7.92244897959184,0.923268779653876,-8.58086957360551,3.88191623494232e-08,-9.84835390595158,-5.99654405323209,"Tyne and Wear"
"days_since_lockdown73",0.140816326530612,0.0313648970668379,4.48961545228524,0.000224128924886762,0.0753902977219314,0.206242355339292,"Tyne and Wear"
"(Intercept)74",-24.2428571428571,1.2166735226187,-19.9255237269224,1.15969780839846e-14,-26.780793638296,-21.7049206474183,"Warrington"
"dayFriday74",-19.3714285714286,1.44471137674593,-13.408511127711,1.86781435608559e-11,-22.3850436951697,-16.3578134476874,"Warrington"
"dayMonday74",-20.3142857142857,1.44219372503308,-14.0856844414711,7.63005957051634e-12,-23.3226491085809,-17.3059223199905,"Warrington"
"daySaturday74",-1.93571428571428,1.44219372503308,-1.3422012952316,0.194569762143486,-4.94407768000947,1.07264910858092,"Warrington"
"dayThursday74",-18.8071428571429,1.44889774129268,-12.9803107018191,3.35345644391397e-11,-21.8294905843055,-15.7847951299803,"Warrington"
"dayTuesday74",-19.6285714285714,1.44471137674593,-13.5865002134771,1.47100218891669e-11,-22.6421865523126,-16.6149563048303,"Warrington"
"dayWednesday74",-18.4428571428571,1.44889774129268,-12.7288880486505,4.76283843604597e-11,-21.4652048700197,-15.4205094156945,"Warrington"
"days_since_lockdown74",0.314285714285714,0.049221342167614,6.38515124629217,3.13928977066474e-06,0.211611793698705,0.416959634872723,"Warrington"
"(Intercept)75",-26.3163265306122,0.90098978384178,-29.2082407620657,7.08146053847059e-18,-28.1957582860662,-24.4368947751583,"Warwickshire"
"dayFriday75",-14.4438775510204,1.06985988175894,-13.5007189233729,1.64991824340835e-11,-16.6755661580657,-12.2121889439751,"Warwickshire"
"dayMonday75",-14.6530612244898,1.06799547160257,-13.720152953928,1.23155468448563e-11,-16.8808607400982,-12.4252617088814,"Warwickshire"
"daySaturday75",-2.8469387755102,1.06799547160257,-2.66568431347209,0.0148503134424235,-5.07473829111864,-0.619139259901767,"Warwickshire"
"dayThursday75",-14.2908163265306,1.07296003280023,-13.3190574575589,2.10806186595711e-11,-16.5289717353291,-12.0526609177321,"Warwickshire"
"dayTuesday75",-15.8061224489796,1.06985988175894,-14.7740117359976,3.18291032709493e-12,-18.0378110560249,-13.5744338419343,"Warwickshire"
"dayWednesday75",-14.4591836734694,1.07296003280023,-13.4759760209647,1.70564560474356e-11,-16.6973390822679,-12.2210282646709,"Warwickshire"
"days_since_lockdown75",0.153061224489796,0.0364501451010036,4.1991938321689,0.00044154962695972,0.0770275541615653,0.229094894818026,"Warwickshire"
"(Intercept)76",-30.1448979591837,1.06916417665922,-28.1948260307189,1.41220801825752e-17,-32.3751353508209,-27.9146605675464,"West Berkshire"
"dayFriday76",-16.8581632653061,1.26955474982655,-13.2787997269194,2.22651622875684e-11,-19.5064080677471,-14.2099184628652,"West Berkshire"
"dayMonday76",-18.4459183673469,1.26734233789299,-14.5548032412568,4.18905293182605e-12,-21.0895481593642,-15.8022885753297,"West Berkshire"
"daySaturday76",1.94591836734694,1.26734233789299,1.53543230519869,0.140346863310739,-0.69771142467031,4.58954815936419,"West Berkshire"
"dayThursday76",-17.1622448979592,1.2732335600584,-13.4792589799251,1.69813975958433e-11,-19.8181635640732,-14.5063262318452,"West Berkshire"
"dayTuesday76",-18.3918367346939,1.26955474982655,-14.4868401596753,4.56463585055985e-12,-21.0400815371348,-15.7435919322529,"West Berkshire"
"dayWednesday76",-16.5877551020408,1.2732335600584,-13.0280536284953,3.13923886398884e-11,-19.2436737681548,-13.9318364359268,"West Berkshire"
"days_since_lockdown76",0.195918367346939,0.0432537527893517,4.52951142299889,0.00020423944412937,0.105692620071277,0.2861441146226,"West Berkshire"
"(Intercept)77",-27.5959183673469,0.851323295583219,-32.4153215476639,9.1859615635584e-19,-29.3717476437394,-25.8200890909544,"West Midlands"
"dayFriday77",-10.4765306122449,1.01088453685645,-10.363726251886,1.72919509983151e-09,-12.5851988055337,-8.36786241895605,"West Midlands"
"dayMonday77",-11.8867346938776,1.00912290112306,-11.7792735460158,1.88608646372964e-10,-13.9917281794191,-9.78174120833596,"West Midlands"
"daySaturday77",-0.613265306122444,1.00912290112306,-0.60772112637612,0.550211451492399,-2.71825879166403,1.49172817941915,"West Midlands"
"dayThursday77",-10.3397959183673,1.01381379404517,-10.1989102723795,2.26946785478518e-09,-12.4545744350795,-8.22501740165517,"West Midlands"
"dayTuesday77",-11.5234693877551,1.01088453685645,-11.399392282317,3.34996089558703e-10,-13.6321375810439,-9.41480119446625,"West Midlands"
"dayWednesday77",-9.66020408163265,1.01381379404517,-9.52857826395115,7.08140110442794e-09,-11.7749825983448,-7.5454255649205,"West Midlands"
"days_since_lockdown77",0.13673469387755,0.0344408540567006,3.97013075379727,0.000754408812127396,0.0648923312226547,0.208577056532446,"West Midlands"
"(Intercept)78",-31.5642857142857,1.01294248510669,-31.1609851283522,1.99320896007104e-18,-33.6772467124009,-29.4513247161705,"West Sussex"
"dayFriday78",-7.15714285714286,1.20279557746368,-5.95042332316771,8.0775704284306e-06,-9.66613046626514,-4.64815524802058,"West Sussex"
"dayMonday78",-9.67142857142858,1.20069950457704,-8.05482848503001,1.04875706819028e-07,-12.1760438491265,-7.16681329373063,"West Sussex"
"daySaturday78",1.92142857142857,1.20069950457704,1.60025765322974,0.125219717133375,-0.583186706269375,4.42604384912651,"West Sussex"
"dayThursday78",-7.48571428571427,1.20628093851471,-6.20561433635139,4.62485525099288e-06,-10.0019722305895,-4.96945634083903,"West Sussex"
"dayTuesday78",-8.59285714285714,1.20279557746368,-7.14407111553967,6.39379958415466e-07,-11.1018447519794,-6.08386953373486,"West Sussex"
"dayWednesday78",-6.76428571428571,1.2062809385147,-5.60755417607327,1.7296935795085e-05,-9.28054365916095,-4.24802776941048,"West Sussex"
"days_since_lockdown78",0.171428571428571,0.0409792666057508,4.18330013267035,0.000458266866999708,0.085947319193212,0.25690982366393,"West Sussex"
"(Intercept)79",-30.0091836734694,0.730680078939661,-41.0702091632466,8.64757893152588e-21,-31.5333556097829,-28.4850117371559,"West Yorkshire"
"dayFriday79",-11.665306122449,0.867629485791456,-13.4450319099147,1.77812001629569e-11,-13.47514951558,-9.85546272931792,"West Yorkshire"
"dayMonday79",-12.4173469387755,0.866117495994611,-14.3367926363339,5.52400793492961e-12,-14.2240363764577,-10.6106575010933,"West Yorkshire"
"daySaturday79",-0.0826530612244879,0.866117495994611,-0.0954293864362742,0.924923472976128,-1.88934249890669,1.72403637645771,"West Yorkshire"
"dayThursday79",-11.9979591836735,0.870143630400197,-13.7884813087184,1.12523619603381e-11,-13.8130469905595,-10.1828713767874,"West Yorkshire"
"dayTuesday79",-12.084693877551,0.867629485791456,-13.9284038583904,9.36362407775682e-12,-13.8945372706821,-10.27485048442,"West Yorkshire"
"dayWednesday79",-11.5020408163265,0.870143630400197,-13.2185542874531,2.41693523587664e-11,-13.3171286232126,-9.6869530094405,"West Yorkshire"
"days_since_lockdown79",0.16734693877551,0.0295601519322448,5.66123405451663,1.53395506481471e-05,0.105685542349222,0.229008335201798,"West Yorkshire"
"(Intercept)80",-29.204081632653,1.07426931474363,-27.1850654503916,2.87731595975261e-17,-31.4449681557276,-26.9631951095785,"Wiltshire"
"dayFriday80",-5.6734693877551,1.27561673024553,-4.44762854957465,0.000247173643478164,-8.33435925976809,-3.01257951574212,"Wiltshire"
"dayMonday80",-8.41326530612245,1.27339375429508,-6.60696291131082,1.95628275652193e-06,-11.0695181315586,-5.75701248068626,"Wiltshire"
"daySaturday80",0.163265306122452,1.27339375429508,0.12821274297268,0.899261096555365,-2.49298751931374,2.81951813155864,"Wiltshire"
"dayThursday80",-6.51020408163263,1.27931310638038,-5.0888277851325,5.60553675260157e-05,-9.17880445915024,-3.84160370411502,"Wiltshire"
"dayTuesday80",-8.07653061224489,1.27561673024553,-6.33147121760492,3.52334308501084e-06,-10.7374204842579,-5.41564074023191,"Wiltshire"
"dayWednesday80",-6.98979591836734,1.27931310638038,-5.46371008278334,2.390007278091e-05,-9.65839629588495,-4.32119554084973,"Wiltshire"
"days_since_lockdown80",0.163265306122448,0.0434602845694835,3.75665524834341,0.00124194464755787,0.072608741102733,0.253921871142163,"Wiltshire"
"(Intercept)81",-34.9030612244898,1.08252850848302,-32.2421635559515,1.02050198472877e-18,-37.1611761238086,-32.644946325171,"Windsor and Maidenhead"
"dayFriday81",-14.0051020408163,1.28542392250888,-10.8953177201505,7.34218892864681e-10,-16.686449357411,-11.3237547242217,"Windsor and Maidenhead"
"dayMonday81",-16.6224489795918,1.28318385588219,-12.9540664834533,3.47766286723312e-11,-19.2991235990838,-13.9457743600999,"Windsor and Maidenhead"
"daySaturday81",1.62244897959184,1.28318385588219,1.26439322950834,0.220625804325274,-1.05422563990007,4.29912359908375,"Windsor and Maidenhead"
"dayThursday81",-15.6326530612245,1.28914871711031,-12.1263379885804,1.12960463530589e-10,-18.3217701632063,-12.9435359592427,"Windsor and Maidenhead"
"dayTuesday81",-15.7448979591837,1.28542392250888,-12.2487979906683,9.45239357377934e-11,-18.4262452757783,-13.063550642589,"Windsor and Maidenhead"
"dayWednesday81",-14.3673469387755,1.28914871711031,-11.1448328250139,4.96270447921105e-10,-17.0564640407573,-11.6782298367937,"Windsor and Maidenhead"
"days_since_lockdown81",0.122448979591836,0.0437944157834183,2.79599527477197,0.0111554084139072,0.0310954290732625,0.21380253011041,"Windsor and Maidenhead"
"(Intercept)82",-31.3479591836735,0.924410502523732,-33.9112970894321,3.78381745907217e-19,-33.2762457022066,-29.4196726651403,"Wokingham"
"dayFriday82",-18.5132653061224,1.09767028290793,-16.8659620237485,2.71871032470862e-13,-20.8029653934184,-16.2235652188265,"Wokingham"
"dayMonday82",-21.8683673469388,1.09575740846644,-19.9573073181815,1.12495140136397e-14,-24.1540772480705,-19.582657445807,"Wokingham"
"daySaturday82",0.61836734693878,1.09575740846644,0.564328693706222,0.578805014225911,-1.66734255419298,2.90407724807054,"Wokingham"
"dayThursday82",-20.3948979591837,1.10085102061814,-18.5264832181667,4.63051460835296e-14,-22.6912329490784,-18.0985629692889,"Wokingham"
"dayTuesday82",-21.2367346938775,1.09767028290793,-19.3470981446428,2.03316447581073e-14,-23.5264347811735,-18.9470346065816,"Wokingham"
"dayWednesday82",-18.8551020408163,1.10085102061814,-17.1277508833384,2.03633795352833e-13,-21.1514370307111,-16.5587670509216,"Wokingham"
"days_since_lockdown82",0.118367346938775,0.0373976459602108,3.16510154314826,0.00486856848582659,0.0403572244519856,0.196377469425565,"Wokingham"
"(Intercept)83",-28.8122448979591,0.938751774322831,-30.6920803625036,2.68333308249456e-18,-30.7704467852525,-26.8540430106657,"Worcestershire"
"dayFriday83",-6.37040816326531,1.11469950080409,-5.71491075278135,1.36081305191661e-05,-8.69563057662815,-4.04518574990247,"Worcestershire"
"dayMonday83",-7.18979591836735,1.11275695009626,-6.46124557365867,2.66719346452229e-06,-9.51096624195918,-4.86862559477551,"Worcestershire"
"daySaturday83",-0.310204081632654,1.11275695009626,-0.278770742888482,0.783282828577045,-2.63137440522449,2.01096624195918,"Worcestershire"
"dayThursday83",-6.18061224489793,1.1179295843665,-5.52862392348292,2.06494014927809e-05,-8.51257249450356,-3.84865199529229,"Worcestershire"
"dayTuesday83",-2.62959183673469,1.11469950080409,-2.35901409737586,0.0286066612950874,-4.95481425009753,-0.304369423371848,"Worcestershire"
"dayWednesday83",-6.31938775510204,1.1179295843665,-5.65276010535412,1.56328050438196e-05,-8.65134800470767,-3.98742750549641,"Worcestershire"
"days_since_lockdown83",0.189795918367346,0.037977831715238,4.99754487803456,6.91192546584413e-05,0.110575549602945,0.269016287131747,"Worcestershire"
"(Intercept)84",-43.5030612244898,1.08335096473227,-40.1560183548098,1.34953274739929e-20,-45.7628917374815,-41.2432307114981,"York"
"dayFriday84",-6.05510204081632,1.28640052952635,-4.70701146480855,0.000135204694695555,-8.73848652395174,-3.3717175576809,"York"
"dayMonday84",-6.97244897959184,1.28415876099825,-5.42958487015403,2.58138830728737e-05,-9.65115721552041,-4.29374074366327,"York"
"daySaturday84",-0.527551020408162,1.28415876099825,-0.410814485272885,0.685576749498985,-3.20625925633673,2.15115721552041,"York"
"dayThursday84",-6.5826530612245,1.29012815405843,-5.102324943857,5.43488419522754e-05,-9.27381323287896,-3.89149288957003,"York"
"dayTuesday84",-5.69489795918367,1.28640052952635,-4.42700218825355,0.0002593542459096,-8.37828244231909,-3.01151347604825,"York"
"dayWednesday84",-4.41734693877551,1.29012815405843,-3.4239598018845,0.00268854901802911,-7.10850711042997,-1.72618676712104,"York"
"days_since_lockdown84",0.222448979591837,0.0438276888017832,5.07553525347625,5.77892621745096e-05,0.131026022773174,0.3138719364105,"York"
